# Blender 5.2.2 LTS
# www.blender.org
mtllib Bolt.mtl
o bolt_10
v 0.419906 -2.787758 0.727298
v 0.382699 -2.787758 0.736504
v -0.382699 -2.787758 0.736504
v -0.255133 -2.823527 0.736504
v -0.127566 -2.847043 0.736504
v -0.000000 -2.858627 0.736504
v 0.127566 -2.847043 0.736504
v 0.255132 -2.823527 0.736504
v 0.637831 -2.858626 0.368252
v 0.701615 -2.847043 0.257776
v 0.446482 -2.787758 0.699679
v 0.829181 -2.787758 0.036825
v 0.510265 -2.823527 0.589203
v 0.574048 -2.847043 0.478728
v 0.765398 -2.823527 0.147301
v 0.637831 -2.858627 -0.368252
v 0.574048 -2.847043 -0.478728
v 0.829181 -2.787758 -0.036825
v 0.839811 -2.787758 -0.000000
v 0.446482 -2.787758 -0.699679
v 0.419906 -2.787758 -0.727298
v 0.765398 -2.823527 -0.147301
v 0.701615 -2.847043 -0.257777
v 0.510265 -2.823527 -0.589204
v -0.000000 -2.858626 -0.736505
v -0.127566 -2.847043 -0.736505
v 0.382699 -2.787758 -0.736505
v -0.382699 -2.787758 -0.736505
v -0.419906 -2.787758 -0.727298
v 0.255132 -2.823527 -0.736505
v 0.127566 -2.847043 -0.736505
v -0.255133 -2.823527 -0.736505
v -0.637832 -2.858627 -0.368252
v -0.701615 -2.847043 -0.257777
v -0.446482 -2.787758 -0.699679
v -0.829181 -2.787758 -0.036825
v -0.510265 -2.823527 -0.589204
v -0.574048 -2.847043 -0.478728
v -0.765398 -2.823527 -0.147301
v -0.637832 -2.858626 0.368252
v -0.574048 -2.847043 0.478727
v -0.829181 -2.787758 0.036825
v -0.839811 -2.787758 -0.000000
v -0.446482 -2.787758 0.699679
v -0.419906 -2.787758 0.727298
v -0.765398 -2.823527 0.147300
v -0.701615 -2.847043 0.257776
v -0.510265 -2.823527 0.589203
v 0.349767 -2.895036 0.605814
v 0.267700 -2.895036 0.646285
v -0.267700 -2.895036 0.646285
v -0.181053 -2.895036 0.675698
v -0.091308 -2.895036 0.693549
v -0.000000 -2.895036 0.699534
v 0.091307 -2.895036 0.693550
v 0.181053 -2.895036 0.675698
v 0.605814 -2.895036 0.349767
v 0.646285 -2.895036 0.267700
v 0.425849 -2.895036 0.554978
v 0.693550 -2.895036 0.091307
v 0.494645 -2.895036 0.494645
v 0.554978 -2.895036 0.425849
v 0.675698 -2.895036 0.181053
v 0.605814 -2.895036 -0.349767
v 0.554978 -2.895036 -0.425850
v 0.693550 -2.895036 -0.091308
v 0.699534 -2.895036 -0.000000
v 0.425849 -2.895036 -0.554978
v 0.349767 -2.895036 -0.605815
v 0.675698 -2.895036 -0.181053
v 0.646285 -2.895036 -0.267700
v 0.494645 -2.895036 -0.494646
v -0.000000 -2.895036 -0.699535
v -0.091307 -2.895036 -0.693550
v 0.267700 -2.895036 -0.646286
v -0.267700 -2.895036 -0.646286
v -0.349767 -2.895036 -0.605815
v 0.181053 -2.895036 -0.675698
v 0.091308 -2.895036 -0.693550
v -0.181053 -2.895036 -0.675698
v -0.605815 -2.895036 -0.349767
v -0.646286 -2.895036 -0.267700
v -0.425850 -2.895036 -0.554978
v -0.693550 -2.895036 -0.091308
v -0.494645 -2.895036 -0.494646
v -0.554978 -2.895036 -0.425850
v -0.675698 -2.895036 -0.181053
v -0.605815 -2.895036 0.349767
v -0.554978 -2.895036 0.425849
v -0.693550 -2.895036 0.091307
v -0.699534 -2.895036 -0.000000
v -0.425850 -2.895036 0.554978
v -0.349767 -2.895036 0.605814
v -0.675698 -2.895036 0.181053
v -0.646286 -2.895036 0.267700
v -0.494646 -2.895036 0.494645
v 0.339862 -2.923834 0.588659
v 0.260119 -2.923834 0.627984
v -0.260119 -2.923834 0.627984
v -0.175926 -2.923834 0.656563
v -0.088722 -2.923834 0.673909
v -0.000000 -2.923834 0.679725
v 0.088722 -2.923834 0.673909
v 0.175926 -2.923834 0.656563
v 0.588659 -2.923834 0.339862
v 0.627984 -2.923834 0.260119
v 0.413790 -2.923834 0.539262
v 0.673910 -2.923834 0.088722
v 0.480638 -2.923834 0.480638
v 0.539262 -2.923834 0.413790
v 0.656564 -2.923834 0.175926
v 0.588659 -2.923834 -0.339863
v 0.539262 -2.923834 -0.413790
v 0.673910 -2.923834 -0.088722
v 0.679725 -2.923834 -0.000000
v 0.413790 -2.923834 -0.539262
v 0.339862 -2.923834 -0.588659
v 0.656564 -2.923834 -0.175926
v 0.627984 -2.923834 -0.260120
v 0.480638 -2.923834 -0.480638
v -0.000000 -2.923834 -0.679725
v -0.088722 -2.923834 -0.673910
v 0.260119 -2.923834 -0.627984
v -0.260120 -2.923834 -0.627984
v -0.339862 -2.923834 -0.588659
v 0.175926 -2.923834 -0.656564
v 0.088722 -2.923834 -0.673910
v -0.175926 -2.923834 -0.656564
v -0.588659 -2.923834 -0.339863
v -0.627984 -2.923834 -0.260120
v -0.413790 -2.923834 -0.539262
v -0.673910 -2.923834 -0.088722
v -0.480638 -2.923834 -0.480638
v -0.539262 -2.923834 -0.413790
v -0.656564 -2.923834 -0.175926
v -0.588659 -2.923834 0.339862
v -0.539262 -2.923834 0.413790
v -0.673910 -2.923834 0.088722
v -0.679725 -2.923834 -0.000000
v -0.413790 -2.923834 0.539262
v -0.339863 -2.923834 0.588659
v -0.656564 -2.923834 0.175926
v -0.627984 -2.923834 0.260119
v -0.480638 -2.923834 0.480638
v 0.284872 -2.923834 0.493412
v 0.218031 -2.923834 0.526374
v -0.218032 -2.923834 0.526374
v -0.147461 -2.923834 0.550330
v -0.074367 -2.923834 0.564869
v -0.000000 -2.923834 0.569744
v 0.074366 -2.923834 0.564869
v 0.147460 -2.923834 0.550330
v 0.493413 -2.923834 0.284872
v 0.526375 -2.923834 0.218031
v 0.346838 -2.923834 0.452008
v 0.564869 -2.923834 0.074366
v 0.402870 -2.923834 0.402869
v 0.452008 -2.923834 0.346838
v 0.550330 -2.923834 0.147460
v 0.493413 -2.923834 -0.284872
v 0.452008 -2.923834 -0.346838
v 0.564869 -2.923834 -0.074367
v 0.569744 -2.923834 -0.000000
v 0.346838 -2.923834 -0.452008
v 0.284872 -2.923834 -0.493413
v 0.550330 -2.923834 -0.147461
v 0.526375 -2.923834 -0.218032
v 0.402870 -2.923834 -0.402870
v -0.000000 -2.923834 -0.569744
v -0.074366 -2.923834 -0.564870
v 0.218032 -2.923834 -0.526375
v -0.218032 -2.923834 -0.526375
v -0.284872 -2.923834 -0.493413
v 0.147460 -2.923834 -0.550330
v 0.074367 -2.923834 -0.564870
v -0.147461 -2.923834 -0.550330
v -0.493413 -2.923834 -0.284872
v -0.526375 -2.923834 -0.218032
v -0.346838 -2.923834 -0.452008
v -0.564870 -2.923834 -0.074367
v -0.402870 -2.923834 -0.402870
v -0.452008 -2.923834 -0.346838
v -0.550330 -2.923834 -0.147461
v -0.493413 -2.923834 0.284872
v -0.452008 -2.923834 0.346838
v -0.564870 -2.923834 0.074366
v -0.569744 -2.923834 -0.000000
v -0.346838 -2.923834 0.452008
v -0.284872 -2.923834 0.493412
v -0.550330 -2.923834 0.147460
v -0.526375 -2.923834 0.218031
v -0.402870 -2.923834 0.402869
v 0.250869 -2.867092 0.434517
v 0.192007 -2.867092 0.463545
v -0.192007 -2.867092 0.463545
v -0.129859 -2.867092 0.484641
v -0.065490 -2.867092 0.497445
v -0.000000 -2.867092 0.501738
v 0.065490 -2.867092 0.497445
v 0.129859 -2.867092 0.484641
v 0.434518 -2.867092 0.250869
v 0.463545 -2.867092 0.192006
v 0.305439 -2.867092 0.398055
v 0.497445 -2.867092 0.065490
v 0.354782 -2.867092 0.354782
v 0.398055 -2.867092 0.305438
v 0.484641 -2.867092 0.129859
v 0.434518 -2.867092 -0.250869
v 0.398055 -2.867092 -0.305439
v 0.497445 -2.867092 -0.065490
v 0.501738 -2.867092 -0.000000
v 0.305439 -2.867092 -0.398055
v 0.250869 -2.867092 -0.434518
v 0.484641 -2.867092 -0.129860
v 0.463545 -2.867092 -0.192007
v 0.354782 -2.867092 -0.354782
v -0.000000 -2.867092 -0.501738
v -0.065490 -2.867092 -0.497445
v 0.192007 -2.867092 -0.463545
v -0.192007 -2.867092 -0.463545
v -0.250869 -2.867092 -0.434518
v 0.129859 -2.867092 -0.484642
v 0.065490 -2.867092 -0.497445
v -0.129859 -2.867092 -0.484642
v -0.434518 -2.867092 -0.250869
v -0.463545 -2.867092 -0.192007
v -0.305439 -2.867092 -0.398055
v -0.497445 -2.867092 -0.065490
v -0.354782 -2.867092 -0.354782
v -0.398055 -2.867092 -0.305439
v -0.484641 -2.867092 -0.129860
v -0.434518 -2.867092 0.250869
v -0.398055 -2.867092 0.305438
v -0.497445 -2.867092 0.065490
v -0.501738 -2.867092 -0.000000
v -0.305439 -2.867092 0.398055
v -0.250869 -2.867092 0.434517
v -0.484641 -2.867092 0.129859
v -0.463545 -2.867092 0.192006
v -0.354782 -2.867092 0.354782
v -0.000000 -2.867092 -0.000000
v -0.382699 -2.294936 0.736504
v -0.419906 -2.294936 0.727298
v 0.255132 -2.259167 0.736504
v 0.382699 -2.294936 0.736504
v 0.127566 -2.235651 0.736504
v 0.446482 -2.294936 0.699679
v 0.419906 -2.294936 0.727298
v 0.765398 -2.259167 0.147301
v 0.829181 -2.294936 0.036825
v 0.701615 -2.235651 0.257776
v 0.829181 -2.294936 -0.036825
v 0.839811 -2.294936 -0.000000
v 0.510265 -2.259167 -0.589204
v 0.446482 -2.294936 -0.699679
v 0.574048 -2.235651 -0.478728
v 0.382699 -2.294936 -0.736505
v 0.419906 -2.294936 -0.727298
v -0.255133 -2.259167 -0.736504
v -0.382699 -2.294936 -0.736505
v -0.127566 -2.235651 -0.736504
v -0.446482 -2.294936 -0.699679
v -0.419906 -2.294936 -0.727298
v -0.765398 -2.259167 -0.147301
v -0.829181 -2.294936 -0.036825
v -0.701615 -2.235651 -0.257777
v -0.829181 -2.294936 0.036825
v -0.839811 -2.294936 -0.000000
v -0.510265 -2.259167 0.589203
v -0.446482 -2.294936 0.699679
v -0.574048 -2.235651 0.478727
v -0.255133 -2.259167 0.736504
v -0.267700 -2.187658 0.646285
v -0.181053 -2.187658 0.675698
v 0.267700 -2.187658 0.646285
v 0.349767 -2.187658 0.605814
v -0.349767 -2.187658 0.605814
v -0.127566 -2.235651 0.736504
v -0.091308 -2.187658 0.693549
v -0.000000 -2.224068 0.736504
v -0.000000 -2.187658 0.699534
v 0.091307 -2.187658 0.693550
v 0.181053 -2.187658 0.675698
v 0.637831 -2.224068 0.368252
v 0.605814 -2.187658 0.349767
v 0.646285 -2.187658 0.267700
v 0.425849 -2.187658 0.554978
v 0.693550 -2.187658 0.091307
v 0.699534 -2.187658 -0.000000
v 0.510265 -2.259167 0.589203
v 0.494645 -2.187658 0.494645
v 0.574048 -2.235651 0.478728
v 0.554978 -2.187658 0.425849
v 0.675698 -2.187658 0.181053
v 0.637831 -2.224068 -0.368252
v 0.605814 -2.187658 -0.349767
v 0.554978 -2.187658 -0.425850
v 0.693550 -2.187658 -0.091308
v 0.425849 -2.187658 -0.554978
v 0.349767 -2.187658 -0.605815
v 0.765398 -2.259167 -0.147301
v 0.675698 -2.187658 -0.181053
v 0.701615 -2.235651 -0.257777
v 0.646285 -2.187658 -0.267700
v 0.494645 -2.187658 -0.494646
v -0.000000 -2.224068 -0.736504
v -0.000000 -2.187658 -0.699534
v -0.091307 -2.187658 -0.693550
v 0.267700 -2.187658 -0.646286
v -0.267700 -2.187658 -0.646286
v -0.349767 -2.187658 -0.605815
v 0.255132 -2.259167 -0.736504
v 0.181053 -2.187658 -0.675698
v 0.127566 -2.235651 -0.736504
v 0.091308 -2.187658 -0.693550
v -0.181053 -2.187658 -0.675698
v -0.637832 -2.224068 -0.368252
v -0.605815 -2.187658 -0.349767
v -0.646286 -2.187658 -0.267700
v -0.425850 -2.187658 -0.554978
v -0.693550 -2.187658 -0.091308
v -0.699534 -2.187658 -0.000000
v -0.510265 -2.259167 -0.589204
v -0.494645 -2.187658 -0.494646
v -0.574048 -2.235651 -0.478728
v -0.554978 -2.187658 -0.425850
v -0.675698 -2.187658 -0.181053
v -0.637832 -2.224068 0.368252
v -0.605815 -2.187658 0.349767
v -0.554978 -2.187658 0.425849
v -0.693550 -2.187658 0.091307
v -0.425850 -2.187658 0.554978
v -0.765398 -2.259167 0.147301
v -0.675698 -2.187658 0.181053
v -0.701615 -2.235651 0.257776
v -0.646286 -2.187658 0.267700
v -0.494646 -2.187658 0.494645
v -0.260119 -2.158861 0.627984
v -0.175926 -2.158861 0.656564
v 0.260119 -2.158861 0.627984
v 0.339862 -2.158861 0.588659
v -0.339863 -2.158861 0.588659
v -0.088722 -2.158861 0.673909
v -0.000000 -2.158861 0.679725
v 0.088722 -2.158861 0.673909
v 0.175926 -2.158861 0.656564
v 0.588659 -2.158861 0.339862
v 0.627984 -2.158861 0.260119
v 0.413790 -2.158861 0.539262
v 0.673910 -2.158861 0.088722
v 0.679725 -2.158861 -0.000000
v 0.480638 -2.158861 0.480638
v 0.539262 -2.158861 0.413790
v 0.656564 -2.158861 0.175926
v 0.588659 -2.158861 -0.339863
v 0.539262 -2.158861 -0.413790
v 0.673910 -2.158861 -0.088722
v 0.413790 -2.158861 -0.539262
v 0.339862 -2.158861 -0.588659
v 0.656564 -2.158861 -0.175926
v 0.627984 -2.158861 -0.260120
v 0.480638 -2.158861 -0.480638
v -0.000000 -2.158861 -0.679725
v -0.088722 -2.158861 -0.673910
v 0.260119 -2.158861 -0.627984
v -0.260120 -2.158861 -0.627984
v -0.339862 -2.158861 -0.588659
v 0.175926 -2.158861 -0.656564
v 0.088722 -2.158861 -0.673910
v -0.175926 -2.158861 -0.656564
v -0.588659 -2.158861 -0.339863
v -0.627984 -2.158861 -0.260120
v -0.413790 -2.158861 -0.539262
v -0.673910 -2.158861 -0.088722
v -0.679725 -2.158861 -0.000000
v -0.480638 -2.158861 -0.480638
v -0.539262 -2.158861 -0.413790
v -0.656564 -2.158861 -0.175926
v -0.588659 -2.158861 0.339862
v -0.539262 -2.158861 0.413790
v -0.673910 -2.158861 0.088722
v -0.413790 -2.158861 0.539262
v -0.656564 -2.158861 0.175926
v -0.627984 -2.158861 0.260119
v -0.480638 -2.158861 0.480638
v -0.218032 -2.158861 0.526375
v -0.147461 -2.158861 0.550330
v 0.218031 -2.158861 0.526375
v 0.284872 -2.158861 0.493412
v -0.284872 -2.158861 0.493412
v -0.074367 -2.158861 0.564869
v -0.000000 -2.158861 0.569744
v 0.074366 -2.158861 0.564869
v 0.147460 -2.158861 0.550330
v 0.493413 -2.158861 0.284872
v 0.526375 -2.158861 0.218031
v 0.346838 -2.158861 0.452008
v 0.564869 -2.158861 0.074366
v 0.569744 -2.158861 -0.000000
v 0.402870 -2.158861 0.402870
v 0.452008 -2.158861 0.346838
v 0.550330 -2.158861 0.147460
v 0.493413 -2.158861 -0.284872
v 0.452008 -2.158861 -0.346838
v 0.564869 -2.158861 -0.074367
v 0.346838 -2.158861 -0.452008
v 0.284872 -2.158861 -0.493413
v 0.550330 -2.158861 -0.147461
v 0.526375 -2.158861 -0.218032
v 0.402870 -2.158861 -0.402870
v -0.000000 -2.158861 -0.569744
v -0.074366 -2.158861 -0.564870
v 0.218032 -2.158861 -0.526375
v -0.218032 -2.158861 -0.526375
v -0.284872 -2.158861 -0.493413
v 0.147460 -2.158861 -0.550330
v 0.074367 -2.158861 -0.564870
v -0.147461 -2.158861 -0.550330
v -0.493413 -2.158861 -0.284872
v -0.526375 -2.158861 -0.218032
v -0.346838 -2.158861 -0.452008
v -0.564870 -2.158861 -0.074367
v -0.569744 -2.158861 -0.000000
v -0.402870 -2.158861 -0.402870
v -0.452008 -2.158861 -0.346838
v -0.550330 -2.158861 -0.147461
v -0.493413 -2.158861 0.284872
v -0.452008 -2.158861 0.346838
v -0.564870 -2.158861 0.074366
v -0.346838 -2.158861 0.452008
v -0.550330 -2.158861 0.147460
v -0.526375 -2.158861 0.218031
v -0.402870 -2.158861 0.402870
v -0.192007 -2.215602 0.463545
v -0.129859 -2.215602 0.484641
v 0.192007 -2.215602 0.463545
v 0.250869 -2.215602 0.434517
v -0.250869 -2.215602 0.434517
v -0.065490 -2.215602 0.497445
v -0.000000 -2.215602 0.501738
v 0.065490 -2.215602 0.497445
v 0.129859 -2.215602 0.484641
v 0.434518 -2.215602 0.250869
v 0.463545 -2.215602 0.192007
v 0.305439 -2.215602 0.398055
v 0.497445 -2.215602 0.065490
v 0.501738 -2.215602 -0.000000
v 0.354782 -2.215602 0.354782
v 0.398055 -2.215602 0.305438
v 0.484641 -2.215602 0.129859
v 0.434518 -2.215602 -0.250869
v 0.398055 -2.215602 -0.305439
v 0.497445 -2.215602 -0.065490
v 0.305439 -2.215602 -0.398055
v 0.250869 -2.215602 -0.434518
v 0.484641 -2.215602 -0.129859
v 0.463545 -2.215602 -0.192007
v 0.354782 -2.215602 -0.354782
v -0.000000 -2.215602 -0.501738
v -0.065490 -2.215602 -0.497445
v 0.192007 -2.215602 -0.463545
v -0.192007 -2.215602 -0.463545
v -0.250869 -2.215602 -0.434518
v 0.129859 -2.215602 -0.484642
v 0.065490 -2.215602 -0.497445
v -0.129859 -2.215602 -0.484642
v -0.434518 -2.215602 -0.250869
v -0.463545 -2.215602 -0.192007
v -0.305439 -2.215602 -0.398055
v -0.497445 -2.215602 -0.065490
v -0.501738 -2.215602 -0.000000
v -0.354782 -2.215602 -0.354782
v -0.398055 -2.215602 -0.305439
v -0.484641 -2.215602 -0.129860
v -0.434518 -2.215602 0.250869
v -0.398055 -2.215602 0.305438
v -0.497445 -2.215602 0.065490
v -0.305439 -2.215602 0.398055
v -0.484641 -2.215602 0.129859
v -0.463545 -2.215602 0.192006
v -0.354782 -2.215602 0.354782
v -0.000000 -2.215602 -0.000000
v 0.997666 -2.063171 -0.000000
v 0.940473 -2.020649 0.165831
v 0.897389 -2.020649 0.326623
v 0.827038 -2.020649 0.477491
v 0.731558 -2.020649 0.613850
v 0.613850 -2.020649 0.731558
v 0.477491 -2.020649 0.827038
v 0.326623 -2.020649 0.897389
v 0.165831 -2.020649 0.940473
v 0.000000 -2.020649 0.954981
v -0.165831 -2.020649 0.940473
v -0.326623 -2.020649 0.897389
v -0.477491 -2.020649 0.827038
v -0.613850 -2.020649 0.731558
v -0.731558 -2.020649 0.613850
v -0.827038 -2.020649 0.477491
v -0.897389 -2.020649 0.326623
v -0.940473 -2.020649 0.165831
v -0.954982 -2.020649 0.000000
v -0.940474 -2.020649 -0.165831
v -0.897389 -2.020649 -0.326623
v -0.827039 -2.020649 -0.477491
v -0.731559 -2.020649 -0.613850
v -0.613851 -2.020649 -0.731558
v -0.477491 -2.020649 -0.827038
v -0.326623 -2.020649 -0.897389
v -0.165831 -2.020648 -0.940473
v -0.000000 -2.020648 -0.954982
v 0.165830 -2.020648 -0.940474
v 0.326622 -2.020649 -0.897390
v 0.477490 -2.020649 -0.827039
v 0.613850 -2.020649 -0.731559
v 0.731558 -2.020649 -0.613851
v 0.827038 -2.020649 -0.477492
v 0.897389 -2.020649 -0.326624
v 0.982509 -2.063171 -0.173244
v 0.997666 -2.114197 -0.000000
v 0.982509 -2.114197 0.173243
v 0.937499 -2.114197 0.341222
v 0.864004 -2.114197 0.498833
v 0.764257 -2.114197 0.641287
v 0.641287 -2.114197 0.764257
v 0.498833 -2.114197 0.864004
v 0.341222 -2.114197 0.937499
v 0.173243 -2.114197 0.982509
v 0.000000 -2.114197 0.997666
v -0.173243 -2.114197 0.982509
v -0.341222 -2.114197 0.937499
v -0.498833 -2.114197 0.864004
v -0.641287 -2.114197 0.764257
v -0.764257 -2.114197 0.641287
v -0.864004 -2.114197 0.498833
v -0.937499 -2.114197 0.341222
v -0.982509 -2.114197 0.173243
v -0.997666 -2.114197 0.000000
v -0.982510 -2.114197 -0.173243
v -0.937500 -2.114197 -0.341222
v -0.864005 -2.114197 -0.498833
v -0.764257 -2.114197 -0.641287
v -0.641288 -2.114197 -0.764257
v -0.498833 -2.114197 -0.864004
v -0.341222 -2.114197 -0.937500
v -0.173243 -2.114197 -0.982509
v -0.000001 -2.114197 -0.997666
v 0.173242 -2.114197 -0.982510
v 0.341221 -2.114197 -0.937500
v 0.498832 -2.114197 -0.864005
v 0.641287 -2.114197 -0.764257
v 0.764256 -2.114197 -0.641288
v 0.864004 -2.114197 -0.498834
v 0.937499 -2.114197 -0.341223
v 0.982509 -2.114197 -0.173244
v 0.954982 -2.020649 -0.000000
v 0.982509 -2.063171 0.173243
v 0.937499 -2.063171 0.341222
v 0.864004 -2.063171 0.498833
v 0.764257 -2.063171 0.641287
v 0.641287 -2.063171 0.764257
v 0.498833 -2.063171 0.864004
v 0.341222 -2.063171 0.937499
v 0.173243 -2.063171 0.982509
v 0.000000 -2.063171 0.997666
v -0.173243 -2.063171 0.982509
v -0.341222 -2.063171 0.937499
v -0.498833 -2.063171 0.864004
v -0.641287 -2.063171 0.764257
v -0.764257 -2.063171 0.641287
v -0.864004 -2.063171 0.498833
v -0.937499 -2.063171 0.341222
v -0.982509 -2.063171 0.173243
v -0.997666 -2.063171 0.000000
v -0.982510 -2.063171 -0.173243
v -0.937500 -2.063171 -0.341222
v -0.864005 -2.063171 -0.498833
v -0.764257 -2.063171 -0.641287
v -0.641288 -2.063171 -0.764257
v -0.498833 -2.063171 -0.864004
v -0.341222 -2.063170 -0.937500
v -0.173243 -2.063170 -0.982509
v -0.000001 -2.063170 -0.997666
v 0.173242 -2.063170 -0.982510
v 0.341221 -2.063170 -0.937500
v 0.498832 -2.063171 -0.864005
v 0.641287 -2.063171 -0.764257
v 0.764256 -2.063171 -0.641288
v 0.864004 -2.063171 -0.498834
v 0.937499 -2.063171 -0.341223
v 0.940473 -2.020649 -0.165832
v 0.954982 -2.156719 -0.000000
v 0.940473 -2.156719 0.165831
v 0.897389 -2.156719 0.326623
v 0.827038 -2.156719 0.477491
v 0.731558 -2.156719 0.613850
v 0.613850 -2.156719 0.731558
v 0.477491 -2.156719 0.827038
v 0.326623 -2.156719 0.897389
v 0.165831 -2.156719 0.940473
v 0.000000 -2.156719 0.954981
v -0.165831 -2.156719 0.940473
v -0.326623 -2.156719 0.897389
v -0.477491 -2.156719 0.827038
v -0.613850 -2.156719 0.731558
v -0.731558 -2.156719 0.613850
v -0.827038 -2.156719 0.477491
v -0.897389 -2.156719 0.326623
v -0.940473 -2.156719 0.165831
v -0.954982 -2.156719 0.000000
v -0.940474 -2.156719 -0.165831
v -0.897389 -2.156719 -0.326623
v -0.827039 -2.156719 -0.477491
v -0.731559 -2.156719 -0.613850
v -0.613851 -2.156719 -0.731558
v -0.477491 -2.156719 -0.827038
v -0.326623 -2.156719 -0.897389
v -0.165831 -2.156719 -0.940473
v -0.000000 -2.156719 -0.954982
v 0.165830 -2.156719 -0.940474
v 0.326622 -2.156719 -0.897390
v 0.477490 -2.156719 -0.827039
v 0.613850 -2.156719 -0.731559
v 0.731558 -2.156719 -0.613851
v 0.827038 -2.156719 -0.477492
v 0.897389 -2.156719 -0.326624
v 0.940473 -2.156719 -0.165832
v -0.000000 -2.020649 -0.000000
v -0.000000 -2.156719 -0.000000
v -0.417834 -0.358284 -0.079295
v -0.354414 -0.368799 -0.229059
v -0.237228 -0.388229 -0.343683
v -0.084117 -0.413614 -0.405717
v 0.081609 -0.441090 -0.405717
v 0.234720 -0.466476 -0.343683
v 0.351906 -0.485905 -0.229059
v 0.415326 -0.496420 -0.079295
v 0.415326 -0.496419 0.082807
v 0.351906 -0.485905 0.232571
v 0.234720 -0.466476 0.347195
v 0.081609 -0.441090 0.409229
v -0.084117 -0.413613 0.409229
v -0.237228 -0.388228 0.347195
v -0.354414 -0.368799 0.232571
v -0.417835 -0.358284 0.082807
v -0.417834 -1.462977 -0.079295
v -0.417834 -1.242038 -0.079295
v -0.417834 -1.021100 -0.079295
v -0.417834 -0.800161 -0.079295
v -0.417834 -0.579223 -0.079295
v -0.417834 -0.137346 -0.079295
v -0.354414 -1.473492 -0.229059
v -0.354414 -1.252553 -0.229059
v -0.354414 -1.031615 -0.229059
v -0.354414 -0.810676 -0.229059
v -0.354414 -0.589738 -0.229059
v -0.354414 -0.147861 -0.229059
v -0.237228 -1.492921 -0.343683
v -0.237228 -1.271982 -0.343683
v -0.237228 -1.051044 -0.343683
v -0.237228 -0.830105 -0.343683
v -0.237228 -0.609167 -0.343683
v -0.237228 -0.167290 -0.343683
v -0.084117 -1.518306 -0.405717
v -0.084117 -1.297368 -0.405717
v -0.084117 -1.076429 -0.405717
v -0.084117 -0.855490 -0.405717
v -0.084117 -0.634553 -0.405717
v -0.084117 -0.192675 -0.405717
v 0.081609 -1.545783 -0.405717
v 0.081609 -1.324844 -0.405717
v 0.081609 -1.103906 -0.405717
v 0.081609 -0.882968 -0.405717
v 0.081609 -0.662029 -0.405717
v 0.081609 -0.220152 -0.405717
v 0.234720 -1.571168 -0.343683
v 0.234720 -1.350230 -0.343683
v 0.234720 -1.129291 -0.343683
v 0.234720 -0.908353 -0.343683
v 0.234720 -0.687414 -0.343683
v 0.234720 -0.245537 -0.343683
v 0.351906 -1.590597 -0.229059
v 0.351906 -1.369659 -0.229059
v 0.351906 -1.148720 -0.229059
v 0.351905 -0.927782 -0.229059
v 0.351906 -0.706843 -0.229059
v 0.351906 -0.264966 -0.229059
v 0.415326 -1.601112 -0.079295
v 0.415326 -1.380173 -0.079295
v 0.415326 -1.159235 -0.079295
v 0.415326 -0.938297 -0.079295
v 0.415326 -0.717358 -0.079295
v 0.415326 -0.275481 -0.079295
v 0.415326 -1.601112 0.082808
v 0.415326 -1.380174 0.082808
v 0.415326 -1.159235 0.082807
v 0.415326 -0.938297 0.082807
v 0.415326 -0.717358 0.082807
v 0.415326 -0.275481 0.082807
v 0.351906 -1.590597 0.232571
v 0.351906 -1.369659 0.232571
v 0.351906 -1.148720 0.232571
v 0.351906 -0.927782 0.232571
v 0.351906 -0.706843 0.232571
v 0.351905 -0.264966 0.232571
v 0.234720 -1.571167 0.347195
v 0.234720 -1.350229 0.347195
v 0.234720 -1.129291 0.347195
v 0.234720 -0.908353 0.347195
v 0.234720 -0.687414 0.347195
v 0.234720 -0.245537 0.347195
v 0.081609 -1.545783 0.409229
v 0.081609 -1.324844 0.409229
v 0.081609 -1.103905 0.409229
v 0.081609 -0.882967 0.409229
v 0.081609 -0.662029 0.409229
v 0.081609 -0.220152 0.409229
v -0.084117 -1.518306 0.409229
v -0.084117 -1.297367 0.409229
v -0.084117 -1.076429 0.409229
v -0.084117 -0.855490 0.409229
v -0.084117 -0.634552 0.409229
v -0.084117 -0.192675 0.409229
v -0.237228 -1.492920 0.347195
v -0.237228 -1.271982 0.347195
v -0.237228 -1.051044 0.347195
v -0.237228 -0.830105 0.347195
v -0.237228 -0.609167 0.347195
v -0.237228 -0.167290 0.347195
v -0.354414 -1.473491 0.232571
v -0.354414 -1.252553 0.232571
v -0.354414 -1.031615 0.232571
v -0.354414 -0.810676 0.232571
v -0.354414 -0.589738 0.232571
v -0.354414 -0.147861 0.232571
v -0.417835 -1.462977 0.082807
v -0.417834 -1.242038 0.082807
v -0.417834 -1.021100 0.082807
v -0.417834 -0.800161 0.082807
v -0.417834 -0.579223 0.082807
v -0.417835 -0.137346 0.082807
v -0.462261 -1.826971 -0.087939
v -0.462302 -1.746980 -0.087478
v -0.462260 -1.084251 -0.087939
v -0.462260 -0.722278 -0.087939
v -0.462260 -0.200497 -0.087939
v -0.392076 -1.838607 -0.253674
v -0.390476 -1.618441 -0.255440
v -0.392076 -1.095887 -0.253674
v -0.392076 -0.733915 -0.253674
v -0.392076 -0.212134 -0.253674
v -0.262393 -1.860108 -0.380522
v -0.259414 -1.640413 -0.381897
v -0.262393 -1.117389 -0.380522
v -0.262393 -0.755416 -0.380522
v -0.262393 -0.233635 -0.380522
v -0.092954 -1.888201 -0.449172
v -0.089487 -1.668650 -0.449317
v -0.092954 -1.145481 -0.449172
v -0.092954 -0.783509 -0.449172
v -0.092954 -0.261727 -0.449172
v 0.090446 -1.918608 -0.449172
v 0.093339 -1.698859 -0.448144
v 0.090446 -1.175888 -0.449172
v 0.090446 -0.813916 -0.449172
v 0.090446 -0.292134 -0.449172
v 0.259885 -1.946701 -0.380522
v 0.261616 -1.726557 -0.378998
v 0.259885 -1.203981 -0.380522
v 0.259885 -0.842008 -0.380522
v 0.259885 -0.320227 -0.380522
v 0.389568 -1.968202 -0.253674
v 0.390198 -1.747647 -0.252429
v 0.389568 -1.225481 -0.253674
v 0.389568 -0.863509 -0.253674
v 0.389568 -0.341728 -0.253674
v 0.459752 -1.979838 -0.087939
v 0.459793 -1.758986 -0.087478
v 0.459752 -1.237118 -0.087939
v 0.459752 -0.875145 -0.087939
v 0.459752 -0.353364 -0.087939
v 0.459752 -1.979838 0.091451
v 0.459793 -1.758986 0.090990
v 0.459752 -1.237117 0.091451
v 0.459752 -0.875145 0.091451
v 0.459752 -0.353364 0.091451
v 0.389568 -1.968201 0.257186
v 0.390198 -1.747647 0.255942
v 0.389568 -1.225481 0.257186
v 0.389568 -0.863509 0.257186
v 0.389568 -0.341728 0.257186
v 0.259885 -1.946700 0.384034
v 0.261616 -1.726557 0.382510
v 0.259885 -1.203981 0.384034
v 0.259885 -0.842008 0.384034
v 0.259885 -0.320226 0.384034
v 0.090446 -1.918608 0.452684
v 0.093339 -1.698859 0.451656
v 0.090446 -1.175888 0.452684
v 0.090446 -0.813915 0.452684
v 0.090446 -0.292134 0.452684
v -0.092954 -1.888201 0.452684
v -0.089487 -1.668649 0.452829
v -0.092954 -1.145481 0.452684
v -0.092954 -0.783508 0.452684
v -0.092954 -0.261727 0.452684
v -0.262394 -1.860108 0.384034
v -0.259414 -1.640413 0.385409
v -0.262393 -1.117388 0.384034
v -0.262393 -0.755416 0.384034
v -0.262393 -0.233635 0.384034
v -0.392077 -1.838607 0.257186
v -0.390476 -1.618441 0.258952
v -0.392077 -1.095887 0.257186
v -0.392077 -0.733915 0.257186
v -0.392077 -0.212134 0.257186
v -0.462261 -1.826971 0.091451
v -0.462302 -1.746980 0.090990
v -0.462261 -1.084251 0.091451
v -0.462261 -0.722279 0.091451
v -0.462260 -0.200497 0.091451
v -0.506687 -1.779653 -0.096583
v -0.506687 -1.558715 -0.096583
v -0.506687 -1.337776 -0.096583
v -0.506687 -1.116838 -0.096583
v -0.506687 -0.895899 -0.096583
v -0.506687 -0.674961 -0.096583
v -0.506687 -0.454022 -0.096583
v -0.506687 -0.233084 -0.096583
v -0.429739 -1.792411 -0.278289
v -0.429739 -1.571472 -0.278289
v -0.429739 -1.350534 -0.278289
v -0.429739 -1.129595 -0.278289
v -0.429739 -0.908657 -0.278289
v -0.429739 -0.687718 -0.278289
v -0.429739 -0.466780 -0.278289
v -0.429739 -0.245841 -0.278289
v -0.287559 -1.815984 -0.417361
v -0.287558 -1.595045 -0.417361
v -0.287559 -1.374107 -0.417361
v -0.287559 -1.153168 -0.417361
v -0.287559 -0.932230 -0.417361
v -0.287559 -0.711292 -0.417361
v -0.287559 -0.490353 -0.417361
v -0.287558 -0.269415 -0.417361
v -0.101791 -1.846783 -0.492627
v -0.101791 -1.625845 -0.492626
v -0.101791 -1.404907 -0.492627
v -0.101791 -1.183968 -0.492627
v -0.101791 -0.963030 -0.492627
v -0.101791 -0.742091 -0.492626
v -0.101791 -0.521153 -0.492627
v -0.101791 -0.300214 -0.492627
v 0.099283 -1.880121 -0.492627
v 0.099283 -1.659182 -0.492627
v 0.099283 -1.438244 -0.492627
v 0.099283 -1.217306 -0.492627
v 0.099283 -0.996367 -0.492627
v 0.099283 -0.775428 -0.492626
v 0.099283 -0.554490 -0.492627
v 0.099283 -0.333551 -0.492627
v 0.285050 -1.910921 -0.417361
v 0.285050 -1.689982 -0.417361
v 0.285051 -1.469043 -0.417361
v 0.285050 -1.248105 -0.417361
v 0.285051 -1.027167 -0.417361
v 0.285051 -0.806228 -0.417361
v 0.285050 -0.585290 -0.417361
v 0.285051 -0.364351 -0.417361
v 0.427231 -1.934494 -0.278289
v 0.427231 -1.713555 -0.278289
v 0.427231 -1.492617 -0.278289
v 0.427231 -1.271679 -0.278289
v 0.427231 -1.050740 -0.278289
v 0.427231 -0.829801 -0.278289
v 0.427231 -0.608863 -0.278289
v 0.427231 -0.387925 -0.278289
v 0.504178 -1.947251 -0.096583
v 0.504178 -1.726313 -0.096583
v 0.504178 -1.505375 -0.096583
v 0.504178 -1.284436 -0.096583
v 0.504178 -1.063498 -0.096583
v 0.504178 -0.842559 -0.096583
v 0.504178 -0.621620 -0.096583
v 0.504178 -0.400682 -0.096583
v 0.504178 -1.947251 0.100095
v 0.504178 -1.726313 0.100095
v 0.504178 -1.505374 0.100095
v 0.504178 -1.284436 0.100095
v 0.504178 -1.063497 0.100095
v 0.504178 -0.842559 0.100095
v 0.504178 -0.621620 0.100095
v 0.504178 -0.400682 0.100095
v 0.427231 -1.934493 0.281801
v 0.427231 -1.713555 0.281801
v 0.427231 -1.492616 0.281801
v 0.427231 -1.271678 0.281801
v 0.427231 -1.050740 0.281801
v 0.427231 -0.829801 0.281801
v 0.427231 -0.608863 0.281801
v 0.427231 -0.387925 0.281801
v 0.285050 -1.910921 0.420873
v 0.285050 -1.689982 0.420873
v 0.285050 -1.469044 0.420873
v 0.285050 -1.248105 0.420873
v 0.285050 -1.027166 0.420873
v 0.285050 -0.806228 0.420873
v 0.285050 -0.585290 0.420873
v 0.285050 -0.364351 0.420873
v 0.099283 -1.880121 0.496139
v 0.099283 -1.659182 0.496138
v 0.099283 -1.438244 0.496138
v 0.099283 -1.217305 0.496138
v 0.099283 -0.996367 0.496138
v 0.099283 -0.775428 0.496138
v 0.099283 -0.554490 0.496138
v 0.099283 -0.333551 0.496138
v -0.101791 -1.846783 0.496139
v -0.101791 -1.625845 0.496138
v -0.101791 -1.404907 0.496138
v -0.101791 -1.183968 0.496138
v -0.101791 -0.963030 0.496138
v -0.101791 -0.742091 0.496138
v -0.101791 -0.521153 0.496138
v -0.101791 -0.300214 0.496138
v -0.287559 -1.815984 0.420873
v -0.287559 -1.595045 0.420873
v -0.287559 -1.374107 0.420873
v -0.287559 -1.153168 0.420873
v -0.287559 -0.932229 0.420873
v -0.287559 -0.711291 0.420873
v -0.287559 -0.490353 0.420873
v -0.287559 -0.269414 0.420873
v -0.429739 -1.792411 0.281801
v -0.429739 -1.571472 0.281801
v -0.429739 -1.350534 0.281801
v -0.429739 -1.129595 0.281801
v -0.429739 -0.908657 0.281801
v -0.429739 -0.687719 0.281801
v -0.429739 -0.466780 0.281801
v -0.429739 -0.245841 0.281801
v -0.506687 -1.779653 0.100095
v -0.506687 -1.558715 0.100095
v -0.506687 -1.337776 0.100095
v -0.506687 -1.116838 0.100095
v -0.506687 -0.895899 0.100095
v -0.506687 -0.674961 0.100095
v -0.506687 -0.454022 0.100095
v -0.506687 -0.233084 0.100095
v -0.428941 -0.392749 -0.081456
v -0.428941 -0.320137 -0.081456
v -0.363829 -0.403545 -0.235213
v -0.363829 -0.330932 -0.235213
v -0.243519 -0.423491 -0.352893
v -0.243519 -0.350879 -0.352893
v -0.086326 -0.449553 -0.416581
v -0.086326 -0.376941 -0.416581
v 0.083818 -0.477763 -0.416581
v 0.083818 -0.405151 -0.416581
v 0.241011 -0.503825 -0.352893
v 0.241011 -0.431213 -0.352893
v 0.361321 -0.523772 -0.235213
v 0.361321 -0.451160 -0.235213
v 0.426433 -0.534567 -0.081456
v 0.426433 -0.461955 -0.081456
v 0.426433 -0.534567 0.084968
v 0.426433 -0.461955 0.084968
v 0.361321 -0.523772 0.238725
v 0.361321 -0.451160 0.238725
v 0.241011 -0.503825 0.356404
v 0.241011 -0.431213 0.356404
v 0.083818 -0.477763 0.420092
v 0.083818 -0.405151 0.420092
v -0.086326 -0.449553 0.420092
v -0.086326 -0.376941 0.420092
v -0.243519 -0.423491 0.356404
v -0.243519 -0.350879 0.356404
v -0.363830 -0.403545 0.238724
v -0.363830 -0.330932 0.238724
v -0.428941 -0.392749 0.084968
v -0.428941 -0.320137 0.084968
v -0.428941 -1.497441 -0.081456
v -0.428941 -1.424830 -0.081456
v -0.428941 -1.276502 -0.081456
v -0.428941 -1.203891 -0.081456
v -0.428941 -1.055565 -0.081456
v -0.428941 -0.982953 -0.081456
v -0.428941 -0.834626 -0.081456
v -0.428941 -0.762014 -0.081456
v -0.428941 -0.613687 -0.081456
v -0.428941 -0.541076 -0.081456
v -0.417834 -0.099992 -0.079295
v -0.428941 -0.171811 -0.081456
v -0.363830 -1.508237 -0.235212
v -0.363830 -1.435625 -0.235213
v -0.363830 -1.287298 -0.235212
v -0.363830 -1.214686 -0.235212
v -0.363830 -1.066360 -0.235213
v -0.363830 -0.993748 -0.235212
v -0.363830 -0.845421 -0.235212
v -0.363829 -0.772809 -0.235212
v -0.363830 -0.624483 -0.235213
v -0.363830 -0.551871 -0.235213
v -0.354414 -0.110507 -0.229059
v -0.363830 -0.182606 -0.235213
v -0.243519 -1.528184 -0.352893
v -0.243519 -1.455571 -0.352893
v -0.243519 -1.307245 -0.352893
v -0.243519 -1.234633 -0.352893
v -0.243519 -1.086307 -0.352893
v -0.243519 -1.013695 -0.352893
v -0.243519 -0.865368 -0.352893
v -0.243519 -0.792756 -0.352893
v -0.243519 -0.644430 -0.352893
v -0.243519 -0.571818 -0.352893
v -0.237228 -0.129937 -0.343683
v -0.243519 -0.202553 -0.352893
v -0.086326 -1.554246 -0.416580
v -0.086326 -1.481633 -0.416580
v -0.086326 -1.333308 -0.416581
v -0.086326 -1.260695 -0.416581
v -0.086326 -1.112369 -0.416581
v -0.086326 -1.039757 -0.416581
v -0.086326 -0.891430 -0.416581
v -0.086326 -0.818818 -0.416580
v -0.086326 -0.670492 -0.416581
v -0.086326 -0.597880 -0.416581
v -0.084117 -0.155321 -0.405717
v -0.086326 -0.228615 -0.416581
v 0.083818 -1.582455 -0.416580
v 0.083818 -1.509843 -0.416580
v 0.083818 -1.361517 -0.416581
v 0.083818 -1.288905 -0.416581
v 0.083818 -1.140578 -0.416581
v 0.083818 -1.067966 -0.416581
v 0.083818 -0.919640 -0.416581
v 0.083818 -0.847028 -0.416581
v 0.083818 -0.698702 -0.416581
v 0.083818 -0.626089 -0.416581
v 0.081609 -0.182798 -0.405717
v 0.083818 -0.256824 -0.416581
v 0.241011 -1.608517 -0.352893
v 0.241011 -1.535905 -0.352893
v 0.241011 -1.387579 -0.352892
v 0.241011 -1.314967 -0.352893
v 0.241011 -1.166641 -0.352893
v 0.241011 -1.094028 -0.352893
v 0.241011 -0.945702 -0.352893
v 0.241011 -0.873090 -0.352893
v 0.241011 -0.724763 -0.352893
v 0.241011 -0.652151 -0.352893
v 0.234720 -0.208184 -0.343683
v 0.241011 -0.282886 -0.352893
v 0.361321 -1.628464 -0.235212
v 0.361321 -1.555853 -0.235212
v 0.361321 -1.407526 -0.235212
v 0.361321 -1.334914 -0.235212
v 0.361321 -1.186587 -0.235212
v 0.361321 -1.113975 -0.235213
v 0.361321 -0.965649 -0.235212
v 0.361321 -0.893037 -0.235213
v 0.361321 -0.744710 -0.235213
v 0.361321 -0.672098 -0.235213
v 0.351906 -0.227613 -0.229059
v 0.361321 -0.302833 -0.235213
v 0.426433 -1.639259 -0.081456
v 0.426433 -1.566648 -0.081456
v 0.426433 -1.418321 -0.081456
v 0.426433 -1.345709 -0.081456
v 0.426433 -1.197382 -0.081456
v 0.426433 -1.124771 -0.081456
v 0.426432 -0.976444 -0.081456
v 0.426433 -0.903832 -0.081456
v 0.426433 -0.755506 -0.081456
v 0.426433 -0.682893 -0.081456
v 0.415326 -0.238128 -0.079295
v 0.426433 -0.313629 -0.081456
v 0.426433 -1.639259 0.084968
v 0.426433 -1.566648 0.084968
v 0.426433 -1.418321 0.084968
v 0.426433 -1.345709 0.084968
v 0.426433 -1.197382 0.084968
v 0.426432 -1.124771 0.084968
v 0.426432 -0.976444 0.084968
v 0.426433 -0.903832 0.084968
v 0.426433 -0.755506 0.084968
v 0.426433 -0.682893 0.084968
v 0.415326 -0.238128 0.082807
v 0.426432 -0.313629 0.084968
v 0.361321 -1.628464 0.238725
v 0.361321 -1.555852 0.238725
v 0.361321 -1.407526 0.238725
v 0.361321 -1.334914 0.238725
v 0.361321 -1.186587 0.238725
v 0.361321 -1.113975 0.238725
v 0.361321 -0.965649 0.238725
v 0.361321 -0.893037 0.238725
v 0.361321 -0.744710 0.238725
v 0.361321 -0.672098 0.238725
v 0.351906 -0.227613 0.232571
v 0.361321 -0.302833 0.238725
v 0.241011 -1.608517 0.356405
v 0.241011 -1.535905 0.356405
v 0.241011 -1.387579 0.356405
v 0.241011 -1.314967 0.356405
v 0.241011 -1.166640 0.356405
v 0.241011 -1.094028 0.356405
v 0.241011 -0.945702 0.356405
v 0.241011 -0.873090 0.356405
v 0.241011 -0.724763 0.356404
v 0.241011 -0.652151 0.356405
v 0.234720 -0.208184 0.347195
v 0.241011 -0.282886 0.356404
v 0.083818 -1.582455 0.420093
v 0.083818 -1.509843 0.420093
v 0.083818 -1.361516 0.420092
v 0.083818 -1.288904 0.420092
v 0.083818 -1.140578 0.420092
v 0.083818 -1.067966 0.420093
v 0.083818 -0.919639 0.420093
v 0.083818 -0.847027 0.420093
v 0.083818 -0.698701 0.420092
v 0.083818 -0.626089 0.420092
v 0.081609 -0.182798 0.409229
v 0.083818 -0.256824 0.420092
v -0.086326 -1.554246 0.420093
v -0.086327 -1.481633 0.420093
v -0.086326 -1.333307 0.420092
v -0.086326 -1.260695 0.420092
v -0.086326 -1.112368 0.420092
v -0.086326 -1.039757 0.420092
v -0.086326 -0.891430 0.420093
v -0.086326 -0.818818 0.420093
v -0.086326 -0.670492 0.420092
v -0.086326 -0.597879 0.420092
v -0.084117 -0.155322 0.409229
v -0.086326 -0.228615 0.420092
v -0.243519 -1.528183 0.356405
v -0.243519 -1.455571 0.356405
v -0.243519 -1.307245 0.356404
v -0.243520 -1.234633 0.356405
v -0.243519 -1.086306 0.356405
v -0.243519 -1.013695 0.356404
v -0.243519 -0.865368 0.356404
v -0.243519 -0.792756 0.356405
v -0.243519 -0.644430 0.356405
v -0.243519 -0.571818 0.356404
v -0.237228 -0.129936 0.347195
v -0.243519 -0.202553 0.356404
v -0.363830 -1.508237 0.238725
v -0.363830 -1.435625 0.238725
v -0.363830 -1.287298 0.238725
v -0.363830 -1.214686 0.238725
v -0.363830 -1.066359 0.238725
v -0.363830 -0.993747 0.238725
v -0.363830 -0.845421 0.238725
v -0.363830 -0.772810 0.238725
v -0.363830 -0.624483 0.238724
v -0.363830 -0.551871 0.238724
v -0.354414 -0.110507 0.232571
v -0.363830 -0.182606 0.238724
v -0.428941 -1.497441 0.084968
v -0.428941 -1.424830 0.084968
v -0.428941 -1.276503 0.084968
v -0.428941 -1.203891 0.084968
v -0.428941 -1.055564 0.084968
v -0.428941 -0.982952 0.084968
v -0.428941 -0.834626 0.084968
v -0.428941 -0.762014 0.084968
v -0.428941 -0.613687 0.084968
v -0.428941 -0.541076 0.084968
v -0.417835 -0.099992 0.082807
v -0.428941 -0.171811 0.084968
v -0.372760 -1.691502 -0.241627
v -0.392707 -1.758319 -0.252429
v -0.439930 -1.680294 -0.083803
v -0.461984 -1.606242 -0.088772
v -0.439930 -1.680294 0.087315
v -0.461984 -1.606242 0.092284
v -0.249187 -1.711997 -0.362028
v -0.264125 -1.779409 -0.378998
v -0.088248 -1.738611 -0.427003
v -0.095847 -1.807106 -0.448144
v 0.085740 -1.767355 -0.427003
v 0.086979 -1.837317 -0.449317
v 0.246678 -1.793969 -0.362028
v 0.256905 -1.865553 -0.381897
v 0.370252 -1.814464 -0.241627
v 0.387967 -1.887525 -0.255440
v 0.437421 -1.825672 -0.083803
v 0.459475 -1.899724 -0.088772
v 0.437422 -1.825672 0.087315
v 0.459475 -1.899724 0.092284
v 0.370251 -1.814463 0.245139
v 0.387967 -1.887525 0.258952
v 0.246678 -1.793968 0.365540
v 0.256905 -1.865553 0.385409
v 0.085740 -1.767355 0.430515
v 0.086979 -1.837316 0.452829
v -0.088249 -1.738610 0.430515
v -0.095847 -1.807106 0.451656
v -0.249187 -1.711997 0.365540
v -0.264125 -1.779408 0.382510
v -0.372760 -1.691502 0.245139
v -0.392707 -1.758319 0.255942
v -0.462261 -2.038867 -0.087939
v -0.392077 -2.038867 -0.253674
v -0.262393 -2.038867 -0.380522
v -0.092954 -2.038867 -0.449172
v 0.090446 -2.038867 -0.449172
v 0.259885 -2.038867 -0.380522
v 0.389568 -2.038867 -0.253674
v 0.459752 -2.038867 -0.087939
v 0.459752 -2.038867 0.091451
v 0.389568 -2.038867 0.257186
v 0.259885 -2.038867 0.384034
v 0.090446 -2.038867 0.452684
v -0.092954 -2.038867 0.452684
v -0.262394 -2.038867 0.384034
v -0.392077 -2.038867 0.257186
v -0.462261 -2.038867 0.091451
v -0.001254 -2.038867 0.001756
v -0.417834 -0.068509 -0.079295
v -0.354414 -0.068509 -0.229059
v -0.237228 -0.068509 -0.343683
v -0.084117 -0.068509 -0.405717
v 0.081609 -0.068509 -0.405717
v 0.234720 -0.068509 -0.343683
v 0.351906 -0.068509 -0.229059
v 0.415326 -0.068509 -0.079295
v 0.415326 -0.068509 0.082807
v 0.351906 -0.068509 0.232571
v 0.234720 -0.068509 0.347195
v 0.081609 -0.068509 0.409229
v -0.084117 -0.068509 0.409229
v -0.237228 -0.068509 0.347195
v -0.354414 -0.068509 0.232571
v -0.417835 -0.068509 0.082807
v -0.365726 -0.000019 -0.069157
v -0.310238 -0.000019 -0.200187
v -0.207711 -0.000019 -0.300473
v -0.073752 -0.000019 -0.354748
v 0.071244 -0.000019 -0.354748
v 0.205202 -0.000019 -0.300473
v 0.307730 -0.000019 -0.200187
v 0.363218 -0.000019 -0.069157
v 0.363218 -0.000019 0.072669
v 0.307730 -0.000019 0.203699
v 0.205203 -0.000019 0.303985
v 0.071244 -0.000019 0.358260
v -0.073752 -0.000019 0.358260
v -0.207711 -0.000019 0.303985
v -0.310239 -0.000019 0.203699
v -0.365726 -0.000019 0.072669
v -0.001254 -0.000019 0.001756
vn 0.9163 -0.0000 -0.4005
vn 1.0000 -0.0000 -0.0000
vn -0.0000 -0.0000 -1.0000
vn -0.8660 -0.0000 -0.5000
vn -0.9163 -0.0000 -0.4005
vn -0.8660 -0.0000 0.5000
vn -0.1928 -0.7439 0.6398
vn -0.2337 -0.7725 0.5905
vn -0.2225 -0.7621 0.6080
vn -0.1611 -0.7301 0.6640
vn 0.3119 -0.7816 0.5402
vn 0.2337 -0.7725 0.5905
vn 0.2225 -0.7621 0.6080
vn -0.3119 -0.7816 0.5402
vn -0.1100 -0.7122 0.6933
vn -0.0851 -0.7064 0.7026
vn -0.0000 -0.7003 0.7139
vn 0.1100 -0.7122 0.6933
vn 0.0851 -0.7064 0.7026
vn 0.1928 -0.7439 0.6398
vn 0.1611 -0.7301 0.6640
vn 0.6554 -0.7122 0.2514
vn 0.6182 -0.7003 0.3569
vn 0.6511 -0.7064 0.2776
vn 0.3945 -0.7725 0.4977
vn 0.4153 -0.7621 0.4967
vn 0.6238 -0.7816 -0.0000
vn 0.6282 -0.7725 0.0928
vn 0.6378 -0.7621 0.1113
vn 0.4577 -0.7439 0.4869
vn 0.4945 -0.7301 0.4716
vn 0.5454 -0.7122 0.4419
vn 0.5659 -0.7064 0.4250
vn 0.6505 -0.7439 0.1529
vn 0.6556 -0.7301 0.1925
vn 0.5454 -0.7122 -0.4419
vn 0.6182 -0.7003 -0.3569
vn 0.5659 -0.7064 -0.4250
vn 0.6282 -0.7725 -0.0928
vn 0.6378 -0.7621 -0.1113
vn 0.3119 -0.7816 -0.5402
vn 0.3945 -0.7725 -0.4977
vn 0.4152 -0.7621 -0.4967
vn 0.6505 -0.7439 -0.1529
vn 0.6556 -0.7301 -0.1925
vn 0.6554 -0.7122 -0.2514
vn 0.6511 -0.7064 -0.2776
vn 0.4577 -0.7439 -0.4869
vn 0.4945 -0.7301 -0.4716
vn -0.1100 -0.7122 -0.6933
vn -0.0000 -0.7003 -0.7139
vn -0.0851 -0.7064 -0.7026
vn 0.2337 -0.7725 -0.5905
vn 0.2225 -0.7621 -0.6080
vn -0.3119 -0.7816 -0.5402
vn -0.2337 -0.7725 -0.5905
vn -0.2225 -0.7621 -0.6080
vn 0.1928 -0.7439 -0.6398
vn 0.1611 -0.7301 -0.6640
vn 0.1100 -0.7122 -0.6933
vn 0.0851 -0.7064 -0.7026
vn -0.1928 -0.7439 -0.6398
vn -0.1611 -0.7301 -0.6640
vn -0.6554 -0.7122 -0.2514
vn -0.6182 -0.7003 -0.3569
vn -0.6511 -0.7064 -0.2776
vn -0.3945 -0.7725 -0.4977
vn -0.4152 -0.7621 -0.4967
vn -0.6238 -0.7816 -0.0000
vn -0.6282 -0.7725 -0.0928
vn -0.6378 -0.7621 -0.1113
vn -0.4577 -0.7439 -0.4869
vn -0.4945 -0.7301 -0.4716
vn -0.5454 -0.7122 -0.4419
vn -0.5659 -0.7064 -0.4250
vn -0.6505 -0.7439 -0.1529
vn -0.6556 -0.7301 -0.1925
vn -0.5454 -0.7122 0.4419
vn -0.6182 -0.7003 0.3569
vn -0.5659 -0.7064 0.4250
vn -0.6282 -0.7725 0.0928
vn -0.6378 -0.7621 0.1113
vn -0.3945 -0.7725 0.4977
vn -0.4152 -0.7621 0.4967
vn -0.6505 -0.7439 0.1529
vn -0.6556 -0.7301 0.1925
vn -0.6554 -0.7122 0.2514
vn -0.6511 -0.7064 0.2776
vn -0.4577 -0.7439 0.4869
vn -0.4945 -0.7301 0.4716
vn -0.2132 -0.5668 0.7958
vn -0.3153 -0.5667 0.7612
vn 0.4119 -0.5667 0.7135
vn 0.3153 -0.5667 0.7612
vn -0.4119 -0.5667 0.7135
vn -0.1075 -0.5668 0.8168
vn -0.0000 -0.5668 0.8239
vn 0.1075 -0.5668 0.8168
vn 0.2132 -0.5668 0.7958
vn 0.7612 -0.5668 0.3153
vn 0.7135 -0.5668 0.4119
vn 0.5016 -0.5668 0.6536
vn 0.8239 -0.5668 -0.0000
vn 0.8168 -0.5668 0.1075
vn 0.5826 -0.5668 0.5826
vn 0.6536 -0.5668 0.5016
vn 0.7958 -0.5668 0.2132
vn 0.6536 -0.5668 -0.5016
vn 0.7135 -0.5668 -0.4119
vn 0.8168 -0.5668 -0.1075
vn 0.4119 -0.5668 -0.7135
vn 0.5016 -0.5667 -0.6536
vn 0.7958 -0.5668 -0.2132
vn 0.7612 -0.5668 -0.3153
vn 0.5826 -0.5668 -0.5826
vn -0.1075 -0.5668 -0.8168
vn -0.0000 -0.5668 -0.8239
vn 0.3153 -0.5668 -0.7612
vn -0.4119 -0.5668 -0.7135
vn -0.3153 -0.5668 -0.7612
vn 0.2132 -0.5668 -0.7958
vn 0.1075 -0.5668 -0.8168
vn -0.2132 -0.5668 -0.7958
vn -0.7612 -0.5668 -0.3153
vn -0.7135 -0.5668 -0.4119
vn -0.5016 -0.5667 -0.6536
vn -0.8239 -0.5668 -0.0000
vn -0.8168 -0.5668 -0.1075
vn -0.5826 -0.5668 -0.5826
vn -0.6536 -0.5668 -0.5016
vn -0.7958 -0.5668 -0.2132
vn -0.6536 -0.5668 0.5016
vn -0.7135 -0.5668 0.4119
vn -0.8168 -0.5668 0.1075
vn -0.5016 -0.5668 0.6536
vn -0.7958 -0.5668 0.2132
vn -0.7612 -0.5668 0.3153
vn -0.5826 -0.5668 0.5826
vn -0.0000 -1.0000 -0.0000
vn 0.1658 -0.7678 -0.6188
vn 0.2452 -0.7678 -0.5919
vn -0.3203 -0.7678 -0.5548
vn -0.2452 -0.7678 -0.5919
vn 0.3203 -0.7678 -0.5548
vn 0.0836 -0.7678 -0.6352
vn -0.0000 -0.7678 -0.6406
vn -0.0836 -0.7678 -0.6352
vn -0.1658 -0.7678 -0.6188
vn -0.5919 -0.7678 -0.2452
vn -0.5548 -0.7678 -0.3203
vn -0.3900 -0.7678 -0.5083
vn -0.6406 -0.7678 -0.0000
vn -0.6352 -0.7678 -0.0836
vn -0.4530 -0.7678 -0.4530
vn -0.5083 -0.7678 -0.3900
vn -0.6188 -0.7678 -0.1658
vn -0.5083 -0.7678 0.3900
vn -0.5548 -0.7678 0.3203
vn -0.6352 -0.7678 0.0836
vn -0.3203 -0.7678 0.5548
vn -0.3900 -0.7678 0.5083
vn -0.6188 -0.7678 0.1658
vn -0.5919 -0.7678 0.2452
vn -0.4530 -0.7678 0.4530
vn 0.0836 -0.7678 0.6352
vn -0.0000 -0.7678 0.6406
vn -0.2452 -0.7678 0.5919
vn 0.3203 -0.7678 0.5548
vn 0.2452 -0.7678 0.5919
vn -0.1658 -0.7678 0.6188
vn -0.0836 -0.7678 0.6352
vn 0.1658 -0.7678 0.6188
vn 0.5919 -0.7678 0.2452
vn 0.5548 -0.7678 0.3203
vn 0.3900 -0.7678 0.5083
vn 0.6406 -0.7678 -0.0000
vn 0.6352 -0.7678 0.0836
vn 0.4530 -0.7678 0.4530
vn 0.5083 -0.7678 0.3900
vn 0.6188 -0.7678 0.1658
vn 0.5083 -0.7678 -0.3900
vn 0.5548 -0.7678 -0.3203
vn 0.6352 -0.7678 -0.0836
vn 0.3900 -0.7678 -0.5083
vn 0.6188 -0.7678 -0.1658
vn 0.5919 -0.7678 -0.2452
vn 0.4530 -0.7678 -0.4530
vn -0.0000 -0.0000 1.0000
vn 0.9163 -0.0000 0.4005
vn 0.5000 -0.0000 -0.8660
vn 0.8050 -0.0000 -0.5933
vn 0.8660 -0.0000 -0.5000
vn -0.5000 -0.0000 -0.8660
vn -0.1113 -0.0000 -0.9938
vn -0.5000 -0.0000 0.8660
vn -0.1113 -0.0000 0.9938
vn 0.1113 -0.0000 0.9938
vn 0.5000 -0.0000 0.8660
vn 0.8050 -0.0000 0.5933
vn 0.8660 -0.0000 0.5000
vn 0.1113 -0.0000 -0.9938
vn -0.8050 -0.0000 -0.5933
vn -1.0000 -0.0000 -0.0000
vn -0.9163 -0.0000 0.4005
vn -0.8050 -0.0000 0.5933
vn -0.1928 0.7439 0.6398
vn -0.1611 0.7301 0.6640
vn -0.2225 0.7621 0.6080
vn -0.2337 0.7725 0.5905
vn 0.3119 0.7816 0.5402
vn 0.2225 0.7621 0.6080
vn 0.2337 0.7725 0.5905
vn -0.3119 0.7816 0.5402
vn -0.1100 0.7122 0.6933
vn -0.0851 0.7064 0.7026
vn -0.0000 0.7003 0.7139
vn 0.1100 0.7122 0.6933
vn 0.0851 0.7064 0.7026
vn 0.1928 0.7439 0.6398
vn 0.1611 0.7301 0.6640
vn 0.6554 0.7122 0.2514
vn 0.6511 0.7064 0.2776
vn 0.6182 0.7003 0.3569
vn 0.3945 0.7725 0.4977
vn 0.4153 0.7621 0.4967
vn 0.6238 0.7816 -0.0000
vn 0.6378 0.7621 0.1113
vn 0.6282 0.7725 0.0928
vn 0.4577 0.7439 0.4869
vn 0.4945 0.7301 0.4716
vn 0.5454 0.7122 0.4419
vn 0.5659 0.7064 0.4250
vn 0.6556 0.7301 0.1925
vn 0.6505 0.7439 0.1529
vn 0.5454 0.7122 -0.4419
vn 0.5659 0.7064 -0.4250
vn 0.6182 0.7003 -0.3569
vn 0.6282 0.7725 -0.0928
vn 0.6378 0.7621 -0.1113
vn 0.3119 0.7816 -0.5402
vn 0.4153 0.7621 -0.4967
vn 0.3945 0.7725 -0.4977
vn 0.6505 0.7439 -0.1529
vn 0.6556 0.7301 -0.1925
vn 0.6554 0.7122 -0.2514
vn 0.6511 0.7064 -0.2776
vn 0.4945 0.7301 -0.4716
vn 0.4577 0.7439 -0.4869
vn -0.1100 0.7122 -0.6933
vn -0.0851 0.7064 -0.7026
vn -0.0000 0.7003 -0.7139
vn 0.2337 0.7725 -0.5905
vn 0.2225 0.7621 -0.6080
vn -0.3119 0.7816 -0.5402
vn -0.2225 0.7621 -0.6080
vn -0.2337 0.7725 -0.5905
vn 0.1928 0.7439 -0.6398
vn 0.1611 0.7301 -0.6640
vn 0.1100 0.7122 -0.6933
vn 0.0851 0.7064 -0.7026
vn -0.1611 0.7301 -0.6640
vn -0.1928 0.7439 -0.6398
vn -0.6554 0.7122 -0.2514
vn -0.6511 0.7064 -0.2776
vn -0.6182 0.7003 -0.3569
vn -0.3945 0.7725 -0.4977
vn -0.4153 0.7621 -0.4967
vn -0.6238 0.7816 -0.0000
vn -0.6378 0.7621 -0.1113
vn -0.6282 0.7725 -0.0928
vn -0.4577 0.7439 -0.4869
vn -0.4945 0.7301 -0.4716
vn -0.5454 0.7122 -0.4419
vn -0.5659 0.7064 -0.4250
vn -0.6556 0.7301 -0.1925
vn -0.6505 0.7439 -0.1529
vn -0.5454 0.7122 0.4419
vn -0.5659 0.7064 0.4250
vn -0.6182 0.7003 0.3569
vn -0.6282 0.7725 0.0928
vn -0.6378 0.7621 0.1113
vn -0.4153 0.7621 0.4967
vn -0.3945 0.7725 0.4977
vn -0.6505 0.7439 0.1529
vn -0.6556 0.7301 0.1925
vn -0.6554 0.7122 0.2514
vn -0.6511 0.7064 0.2776
vn -0.4945 0.7301 0.4716
vn -0.4577 0.7439 0.4869
vn -0.2132 0.5668 0.7958
vn -0.3153 0.5668 0.7612
vn 0.4119 0.5668 0.7135
vn 0.3153 0.5668 0.7612
vn -0.4119 0.5668 0.7135
vn -0.1075 0.5668 0.8168
vn -0.0000 0.5668 0.8239
vn 0.1075 0.5668 0.8168
vn 0.2132 0.5668 0.7958
vn 0.7612 0.5668 0.3153
vn 0.7135 0.5668 0.4119
vn 0.5015 0.5668 0.6536
vn 0.8239 0.5668 -0.0000
vn 0.8168 0.5668 0.1075
vn 0.5826 0.5668 0.5826
vn 0.6536 0.5668 0.5016
vn 0.7958 0.5668 0.2132
vn 0.6536 0.5668 -0.5016
vn 0.7135 0.5668 -0.4119
vn 0.8168 0.5668 -0.1075
vn 0.4119 0.5668 -0.7135
vn 0.5016 0.5668 -0.6536
vn 0.7958 0.5668 -0.2132
vn 0.7612 0.5668 -0.3153
vn 0.5826 0.5668 -0.5826
vn -0.1075 0.5668 -0.8168
vn -0.0000 0.5668 -0.8239
vn 0.3153 0.5668 -0.7612
vn -0.4119 0.5668 -0.7135
vn -0.3153 0.5668 -0.7612
vn 0.2132 0.5668 -0.7958
vn 0.1075 0.5668 -0.8168
vn -0.2132 0.5668 -0.7958
vn -0.7612 0.5668 -0.3153
vn -0.7135 0.5668 -0.4119
vn -0.5016 0.5668 -0.6536
vn -0.8239 0.5668 -0.0000
vn -0.8168 0.5668 -0.1075
vn -0.5826 0.5668 -0.5826
vn -0.6536 0.5668 -0.5016
vn -0.7958 0.5668 -0.2132
vn -0.6536 0.5668 0.5015
vn -0.7135 0.5668 0.4119
vn -0.8168 0.5668 0.1075
vn -0.5016 0.5668 0.6536
vn -0.7958 0.5668 0.2132
vn -0.7612 0.5668 0.3153
vn -0.5826 0.5668 0.5826
vn -0.0000 1.0000 -0.0000
vn 0.1658 0.7678 -0.6188
vn 0.2452 0.7678 -0.5919
vn -0.3203 0.7678 -0.5548
vn -0.2452 0.7678 -0.5919
vn 0.3203 0.7678 -0.5548
vn 0.0836 0.7678 -0.6352
vn -0.0000 0.7678 -0.6406
vn -0.0836 0.7678 -0.6352
vn -0.1658 0.7678 -0.6188
vn -0.5919 0.7678 -0.2452
vn -0.5548 0.7678 -0.3203
vn -0.3900 0.7678 -0.5083
vn -0.6406 0.7678 -0.0000
vn -0.6352 0.7678 -0.0836
vn -0.4530 0.7678 -0.4530
vn -0.5083 0.7678 -0.3900
vn -0.6188 0.7678 -0.1658
vn -0.5083 0.7678 0.3900
vn -0.5548 0.7678 0.3203
vn -0.6352 0.7678 0.0836
vn -0.3203 0.7678 0.5548
vn -0.3900 0.7678 0.5083
vn -0.6188 0.7678 0.1658
vn -0.5919 0.7678 0.2452
vn -0.4530 0.7678 0.4530
vn 0.0836 0.7678 0.6352
vn -0.0000 0.7678 0.6406
vn -0.2452 0.7678 0.5919
vn 0.3203 0.7678 0.5548
vn 0.2452 0.7678 0.5919
vn -0.1658 0.7678 0.6188
vn -0.0836 0.7678 0.6352
vn 0.1658 0.7678 0.6188
vn 0.5919 0.7678 0.2452
vn 0.5548 0.7678 0.3203
vn 0.3900 0.7678 0.5083
vn 0.6406 0.7678 -0.0000
vn 0.6352 0.7678 0.0836
vn 0.4530 0.7678 0.4530
vn 0.5083 0.7678 0.3900
vn 0.6188 0.7678 0.1658
vn 0.5083 0.7678 -0.3900
vn 0.5548 0.7678 -0.3203
vn 0.6352 0.7678 -0.0836
vn 0.3900 0.7678 -0.5083
vn 0.6188 0.7678 -0.1658
vn 0.5919 0.7678 -0.2452
vn 0.4530 0.7678 -0.4530
vn 0.9848 -0.0000 0.1736
vn 0.9397 -0.0000 0.3420
vn 0.7660 -0.0000 0.6428
vn 0.6428 -0.0000 0.7660
vn 0.3420 -0.0000 0.9397
vn 0.1736 -0.0000 0.9848
vn -0.1736 -0.0000 0.9848
vn -0.3420 -0.0000 0.9397
vn -0.6428 -0.0000 0.7660
vn -0.7660 -0.0000 0.6428
vn -0.9397 -0.0000 0.3420
vn -0.9848 -0.0000 0.1736
vn -0.9848 -0.0000 -0.1736
vn -0.9397 -0.0000 -0.3420
vn -0.7660 -0.0000 -0.6428
vn -0.6428 -0.0000 -0.7660
vn -0.3420 -0.0000 -0.9397
vn -0.1736 -0.0000 -0.9848
vn 0.1736 -0.0000 -0.9848
vn 0.3420 -0.0000 -0.9397
vn 0.6428 -0.0000 -0.7660
vn 0.7660 -0.0000 -0.6428
vn 0.9397 -0.0000 -0.3420
vn 0.9848 -0.0000 -0.1736
vn 0.6950 0.7085 0.1226
vn 0.7058 0.7085 -0.0000
vn 0.6632 0.7085 0.2414
vn 0.6112 0.7085 0.3529
vn 0.5406 0.7085 0.4537
vn 0.4537 0.7085 0.5406
vn 0.3529 0.7085 0.6112
vn 0.2414 0.7085 0.6632
vn 0.1226 0.7085 0.6950
vn -0.0000 0.7085 0.7058
vn -0.1226 0.7085 0.6950
vn -0.2414 0.7085 0.6632
vn -0.3529 0.7085 0.6112
vn -0.4537 0.7085 0.5406
vn -0.5406 0.7085 0.4537
vn -0.6112 0.7085 0.3529
vn -0.6632 0.7085 0.2414
vn -0.6950 0.7085 0.1226
vn -0.7058 0.7085 -0.0000
vn -0.6950 0.7085 -0.1226
vn -0.6632 0.7085 -0.2414
vn -0.6112 0.7085 -0.3529
vn -0.5406 0.7085 -0.4537
vn -0.4537 0.7085 -0.5406
vn -0.3529 0.7085 -0.6112
vn -0.2414 0.7085 -0.6632
vn -0.1226 0.7085 -0.6950
vn -0.0000 0.7085 -0.7058
vn 0.1226 0.7085 -0.6950
vn 0.2414 0.7085 -0.6632
vn 0.3529 0.7085 -0.6112
vn 0.4537 0.7085 -0.5406
vn 0.5406 0.7085 -0.4537
vn 0.6112 0.7085 -0.3529
vn 0.6632 0.7085 -0.2414
vn 0.6950 0.7085 -0.1226
vn 0.6950 -0.7085 0.1226
vn 0.7058 -0.7085 -0.0000
vn 0.6632 -0.7085 0.2414
vn 0.6112 -0.7085 0.3529
vn 0.5406 -0.7085 0.4537
vn 0.4537 -0.7085 0.5406
vn 0.3529 -0.7085 0.6112
vn 0.2414 -0.7085 0.6632
vn 0.1226 -0.7085 0.6950
vn -0.0000 -0.7085 0.7058
vn -0.1226 -0.7085 0.6950
vn -0.2414 -0.7085 0.6632
vn -0.3529 -0.7085 0.6112
vn -0.4537 -0.7085 0.5406
vn -0.5406 -0.7085 0.4537
vn -0.6112 -0.7085 0.3529
vn -0.6632 -0.7085 0.2414
vn -0.6950 -0.7085 0.1226
vn -0.7058 -0.7085 -0.0000
vn -0.6950 -0.7085 -0.1226
vn -0.6632 -0.7085 -0.2414
vn -0.6112 -0.7085 -0.3529
vn -0.5406 -0.7085 -0.4537
vn -0.4537 -0.7085 -0.5406
vn -0.3529 -0.7085 -0.6112
vn -0.2414 -0.7085 -0.6632
vn -0.1226 -0.7085 -0.6950
vn -0.0000 -0.7085 -0.7058
vn 0.1226 -0.7085 -0.6950
vn 0.2414 -0.7085 -0.6632
vn 0.3529 -0.7085 -0.6112
vn 0.4537 -0.7085 -0.5406
vn 0.5406 -0.7085 -0.4537
vn 0.6112 -0.7085 -0.3529
vn 0.6632 -0.7085 -0.2414
vn 0.6950 -0.7085 -0.1226
vn -0.7368 -0.5101 -0.4436
vn -0.8256 0.0072 -0.5642
vn -0.9799 0.0085 -0.1993
vn -0.8479 -0.5070 -0.1547
vn -0.6398 0.5799 -0.5043
vn -0.7865 0.5906 -0.1803
vn -0.7865 0.5906 0.1803
vn -0.9799 0.0085 0.1993
vn -0.8479 -0.5070 0.1547
vn -0.5285 -0.5170 -0.6734
vn -0.5469 0.0048 -0.8372
vn -0.3832 0.5627 -0.7325
vn -0.2481 -0.5284 -0.8120
vn -0.1909 0.0017 -0.9816
vn -0.0701 0.5442 -0.8360
vn 0.0701 -0.5442 -0.8360
vn 0.1909 -0.0017 -0.9816
vn 0.2481 0.5284 -0.8120
vn 0.3832 -0.5627 -0.7325
vn 0.5469 -0.0048 -0.8372
vn 0.5285 0.5170 -0.6734
vn 0.6398 -0.5799 -0.5043
vn 0.8256 -0.0072 -0.5642
vn 0.7368 0.5101 -0.4436
vn 0.7865 -0.5906 -0.1803
vn 0.9799 -0.0085 -0.1993
vn 0.8479 0.5070 -0.1547
vn 0.7865 -0.5906 0.1803
vn 0.9799 -0.0085 0.1993
vn 0.8479 0.5070 0.1547
vn 0.6398 -0.5799 0.5043
vn 0.8256 -0.0072 0.5642
vn 0.7368 0.5101 0.4436
vn 0.3832 -0.5627 0.7325
vn 0.5469 -0.0048 0.8372
vn 0.5285 0.5170 0.6734
vn 0.0701 -0.5442 0.8360
vn 0.1909 -0.0017 0.9816
vn 0.2481 0.5284 0.8120
vn -0.2481 -0.5284 0.8120
vn -0.1909 0.0017 0.9816
vn -0.0701 0.5442 0.8360
vn -0.5285 -0.5170 0.6734
vn -0.5469 0.0048 0.8372
vn -0.3832 0.5627 0.7325
vn -0.7368 -0.5101 0.4436
vn -0.8256 0.0072 0.5642
vn -0.6398 0.5799 0.5043
vn -0.6519 0.5612 -0.5100
vn -0.8001 0.5715 -0.1823
vn -0.8001 0.5715 0.1823
vn -0.7433 -0.4950 -0.4500
vn -0.8563 -0.4921 -0.1570
vn -0.8563 -0.4921 0.1570
vn -0.9667 0.1579 0.2016
vn -0.9667 0.1579 -0.2016
vn -0.9800 -0.0000 0.1989
vn -0.9800 -0.0000 -0.1990
vn -0.8262 -0.0000 -0.5634
vn -0.8076 0.1562 -0.5686
vn -0.3924 0.5447 -0.7412
vn -0.5316 -0.5014 -0.6827
vn -0.5477 -0.0000 -0.8367
vn -0.5231 0.1536 -0.8383
vn -0.3923 0.5447 -0.7412
vn -0.0754 0.5271 -0.8465
vn -0.2470 -0.5121 -0.8227
vn -0.1913 -0.0000 -0.9815
vn -0.1648 0.1511 -0.9747
vn 0.2470 0.5121 -0.8227
vn 0.0754 -0.5271 -0.8465
vn 0.1913 -0.0000 -0.9815
vn 0.2129 0.1494 -0.9656
vn 0.5316 0.5014 -0.6827
vn 0.3923 -0.5447 -0.7412
vn 0.5477 -0.0000 -0.8367
vn 0.5587 0.1488 -0.8159
vn 0.7433 0.4950 -0.4500
vn 0.6519 -0.5612 -0.5100
vn 0.8262 -0.0000 -0.5634
vn 0.8246 0.1490 -0.5457
vn 0.7433 0.4949 -0.4500
vn 0.8563 0.4921 -0.1570
vn 0.8001 -0.5715 -0.1823
vn 0.9800 -0.0000 -0.1990
vn 0.9700 0.1493 -0.1920
vn 0.8563 0.4921 0.1570
vn 0.8001 -0.5715 0.1823
vn 0.9800 -0.0000 0.1990
vn 0.9700 0.1493 0.1920
vn 0.7433 0.4950 0.4500
vn 0.6519 -0.5612 0.5100
vn 0.8262 -0.0000 0.5634
vn 0.8246 0.1490 0.5457
vn 0.7433 0.4949 0.4500
vn 0.5316 0.5014 0.6827
vn 0.3923 -0.5447 0.7412
vn 0.5477 -0.0000 0.8367
vn 0.5587 0.1488 0.8159
vn 0.2470 0.5121 0.8227
vn 0.0754 -0.5271 0.8465
vn 0.1913 -0.0000 0.9815
vn 0.2129 0.1494 0.9656
vn -0.0754 0.5271 0.8465
vn -0.2470 -0.5121 0.8227
vn -0.1913 -0.0000 0.9815
vn -0.1648 0.1511 0.9747
vn -0.3924 0.5447 0.7412
vn -0.5316 -0.5014 0.6827
vn -0.5477 -0.0000 0.8367
vn -0.5231 0.1536 0.8383
vn -0.6519 0.5612 0.5100
vn -0.7433 -0.4950 0.4500
vn -0.8262 -0.0000 0.5634
vn -0.8076 0.1562 0.5686
vn -0.4740 0.7767 -0.4149
vn -0.5942 0.7905 -0.1483
vn -0.5942 0.7905 0.1483
vn -0.7294 -0.6729 0.1232
vn -0.7294 -0.6729 -0.1232
vn -0.6435 -0.6781 -0.3549
vn -0.2627 0.7538 -0.6023
vn -0.4797 -0.6891 -0.5431
vn -0.0049 0.7286 -0.6850
vn -0.2548 -0.7061 -0.6607
vn 0.2548 0.7061 -0.6607
vn 0.0049 -0.7286 -0.6850
vn 0.4797 0.6891 -0.5431
vn 0.2627 -0.7538 -0.6023
vn 0.6435 0.6781 -0.3549
vn 0.4740 -0.7767 -0.4149
vn 0.7294 0.6729 -0.1232
vn 0.5942 -0.7905 -0.1483
vn 0.7294 0.6729 0.1232
vn 0.5942 -0.7905 0.1483
vn 0.6435 0.6782 0.3549
vn 0.4740 -0.7767 0.4149
vn 0.4797 0.6891 0.5431
vn 0.2627 -0.7538 0.6023
vn 0.2548 0.7061 0.6607
vn 0.0049 -0.7286 0.6850
vn -0.0049 0.7286 0.6850
vn -0.2548 -0.7061 0.6607
vn -0.2627 0.7538 0.6023
vn -0.4797 -0.6891 0.5431
vn -0.4740 0.7767 0.4149
vn -0.6435 -0.6781 0.3549
vn -0.9023 -0.3966 0.1691
vn -0.7129 -0.6911 0.1193
vn -0.7129 -0.6911 -0.1193
vn -0.9023 -0.3966 -0.1691
vn -0.6297 -0.6966 -0.3438
vn -0.7788 -0.3996 -0.4835
vn -0.6296 0.5986 -0.4952
vn -0.4525 0.7953 -0.4035
vn -0.5686 0.8099 -0.1440
vn -0.7726 0.6097 -0.1769
vn -0.5686 0.8099 0.1440
vn -0.7726 0.6097 0.1769
vn -0.8389 -0.5220 0.1543
vn -0.7127 -0.6914 0.1186
vn -0.7127 -0.6914 -0.1186
vn -0.8389 -0.5220 -0.1543
vn -0.6312 -0.6958 -0.3427
vn -0.7277 -0.5247 -0.4418
vn -0.4770 0.7763 -0.4121
vn -0.5952 0.7900 -0.1471
vn -0.4512 0.7971 -0.4012
vn -0.5671 0.8111 -0.1433
vn -0.5671 0.8111 0.1433
vn -0.5952 0.7900 0.1471
vn -0.7292 -0.6727 0.1257
vn -0.7292 -0.6727 -0.1258
vn -0.6402 -0.6781 -0.3611
vn -0.4712 -0.7080 -0.5261
vn -0.5493 -0.4060 -0.7304
vn -0.3792 0.5806 -0.7205
vn -0.2474 0.7714 -0.5863
vn -0.4741 -0.7058 -0.5264
vn -0.5196 -0.5317 -0.6688
vn -0.2689 0.7538 -0.5996
vn -0.2472 0.7740 -0.5829
vn -0.4723 -0.6893 -0.5493
vn -0.2534 -0.7255 -0.6399
vn -0.2440 -0.4166 -0.8757
vn -0.0724 0.5609 -0.8247
vn 0.0036 0.7452 -0.6668
vn -0.2562 -0.7225 -0.6422
vn -0.2412 -0.5439 -0.8037
vn -0.0140 0.7288 -0.6845
vn 0.0021 0.7484 -0.6633
vn -0.2451 -0.7065 -0.6640
vn -0.0021 -0.7484 -0.6633
vn 0.0984 -0.4311 -0.8969
vn 0.2412 0.5439 -0.8037
vn 0.2562 0.7225 -0.6422
vn -0.0036 -0.7452 -0.6668
vn 0.0724 -0.5609 -0.8247
vn 0.2451 0.7065 -0.6640
vn 0.2534 0.7255 -0.6399
vn 0.0140 -0.7288 -0.6845
vn 0.2472 -0.7740 -0.5829
vn 0.4324 -0.4479 -0.7825
vn 0.5196 0.5317 -0.6688
vn 0.4741 0.7058 -0.5264
vn 0.2474 -0.7714 -0.5863
vn 0.3792 -0.5806 -0.7205
vn 0.4723 0.6893 -0.5493
vn 0.4712 0.7080 -0.5261
vn 0.2689 -0.7538 -0.5996
vn 0.4512 -0.7971 -0.4012
vn 0.7047 -0.4634 -0.5373
vn 0.7277 0.5247 -0.4418
vn 0.6312 0.6958 -0.3427
vn 0.4525 -0.7953 -0.4035
vn 0.6296 -0.5986 -0.4952
vn 0.6402 0.6781 -0.3611
vn 0.6297 0.6966 -0.3438
vn 0.4770 -0.7763 -0.4121
vn 0.5671 -0.8111 -0.1433
vn 0.8599 -0.4730 -0.1919
vn 0.8389 0.5220 -0.1543
vn 0.7127 0.6914 -0.1186
vn 0.5686 -0.8099 -0.1440
vn 0.7726 -0.6097 -0.1769
vn 0.7292 0.6726 -0.1258
vn 0.7129 0.6911 -0.1193
vn 0.5952 -0.7900 -0.1471
vn 0.7292 0.6726 -0.1257
vn 0.5671 -0.8111 0.1433
vn 0.8599 -0.4730 0.1919
vn 0.8389 0.5220 0.1543
vn 0.7127 0.6914 0.1186
vn 0.5686 -0.8099 0.1440
vn 0.7726 -0.6097 0.1769
vn 0.7292 0.6726 0.1257
vn 0.7129 0.6911 0.1193
vn 0.5952 -0.7900 0.1471
vn 0.7292 0.6726 0.1258
vn 0.4512 -0.7971 0.4012
vn 0.7047 -0.4634 0.5373
vn 0.7277 0.5247 0.4418
vn 0.6312 0.6958 0.3427
vn 0.4525 -0.7953 0.4035
vn 0.6296 -0.5986 0.4952
vn 0.6435 0.6781 0.3549
vn 0.6402 0.6781 0.3611
vn 0.6297 0.6966 0.3438
vn 0.4770 -0.7763 0.4121
vn 0.2472 -0.7740 0.5829
vn 0.4324 -0.4479 0.7825
vn 0.5196 0.5317 0.6688
vn 0.4741 0.7058 0.5264
vn 0.2474 -0.7714 0.5863
vn 0.3792 -0.5806 0.7205
vn 0.4723 0.6893 0.5493
vn 0.4712 0.7080 0.5261
vn 0.2689 -0.7538 0.5996
vn -0.0021 -0.7484 0.6633
vn 0.0984 -0.4311 0.8969
vn 0.2412 0.5439 0.8037
vn 0.2562 0.7225 0.6422
vn -0.0036 -0.7452 0.6668
vn 0.0724 -0.5609 0.8247
vn 0.2451 0.7065 0.6640
vn 0.2534 0.7255 0.6399
vn 0.0140 -0.7288 0.6845
vn -0.2534 -0.7255 0.6399
vn -0.2440 -0.4166 0.8757
vn -0.0724 0.5609 0.8247
vn 0.0036 0.7452 0.6668
vn -0.2562 -0.7225 0.6422
vn -0.2412 -0.5439 0.8037
vn -0.0140 0.7288 0.6845
vn 0.0021 0.7484 0.6633
vn -0.2451 -0.7065 0.6640
vn -0.4712 -0.7080 0.5261
vn -0.5493 -0.4060 0.7304
vn -0.3792 0.5806 0.7205
vn -0.2474 0.7714 0.5863
vn -0.4741 -0.7058 0.5264
vn -0.5196 -0.5317 0.6688
vn -0.2689 0.7538 0.5996
vn -0.2472 0.7740 0.5829
vn -0.4723 -0.6893 0.5493
vn -0.6297 -0.6966 0.3438
vn -0.7788 -0.3996 0.4835
vn -0.6296 0.5986 0.4952
vn -0.4525 0.7953 0.4035
vn -0.6312 -0.6958 0.3427
vn -0.7277 -0.5247 0.4418
vn -0.4770 0.7763 0.4121
vn -0.4512 0.7971 0.4012
vn -0.6402 -0.6781 0.3611
vn -0.8244 0.0100 -0.5660
vn -0.9797 0.0113 -0.2003
vn -0.9797 0.0113 0.2003
vn -0.5453 0.0070 -0.8382
vn -0.1901 0.0025 -0.9818
vn 0.1901 -0.0025 -0.9818
vn 0.5453 -0.0070 -0.8382
vn 0.8244 -0.0100 -0.5660
vn 0.9797 -0.0113 -0.2003
vn 0.9797 -0.0113 0.2003
vn 0.8244 -0.0100 0.5660
vn 0.5453 -0.0069 0.8382
vn 0.1901 -0.0025 0.9818
vn -0.1901 0.0025 0.9818
vn -0.5453 0.0070 0.8382
vn -0.8244 0.0100 0.5660
vn -0.9800 -0.0000 0.1990
vn -0.7747 0.6126 -0.1568
vn -0.7747 0.6126 0.1568
vn -0.7745 0.6126 0.1578
vn -0.7745 0.6126 -0.1578
vn -0.6551 0.6103 -0.4454
vn -0.6537 0.6103 -0.4474
vn -0.4361 0.6070 -0.6643
vn -0.4342 0.6070 -0.6656
vn -0.1528 0.6048 -0.7816
vn -0.1518 0.6048 -0.7818
vn 0.1528 0.6048 -0.7816
vn 0.1518 0.6048 -0.7818
vn 0.4361 0.6071 -0.6643
vn 0.4342 0.6070 -0.6656
vn 0.6551 0.6103 -0.4454
vn 0.6537 0.6103 -0.4474
vn 0.7747 0.6126 -0.1568
vn 0.7745 0.6126 -0.1578
vn 0.7747 0.6126 0.1568
vn 0.7745 0.6126 0.1578
vn 0.6551 0.6103 0.4454
vn 0.6537 0.6103 0.4474
vn 0.4361 0.6071 0.6643
vn 0.4342 0.6070 0.6656
vn 0.1528 0.6048 0.7816
vn 0.1518 0.6048 0.7818
vn -0.1528 0.6048 0.7816
vn -0.1518 0.6048 0.7818
vn -0.4361 0.6070 0.6643
vn -0.4342 0.6070 0.6656
vn -0.6551 0.6103 0.4454
vn -0.6537 0.6103 0.4474
vt 0.075000 1.000000
vt 0.083333 1.000000
vt -0.050000 1.000000
vt -0.025000 1.000000
vt -0.075000 1.000000
vt 0.050000 1.000000
vt -0.083333 1.000000
vt 0.025000 1.000000
vt 0.000000 1.000000
vt 0.000000 1.000000
vt 0.000000 1.000000
vt 0.000000 1.000000
vt 0.750000 0.312500
vt 0.777778 0.312500
vt 0.777778 0.687500
vt 0.750000 0.687500
vt 0.805556 0.312500
vt 0.805556 0.687500
vt 0.833333 0.312500
vt 0.833333 0.687500
vt 0.861111 0.312500
vt 0.861111 0.687500
vt 0.888889 0.312500
vt 0.888889 0.687500
vt 0.916667 0.312500
vt 0.916667 0.687500
vt 0.944444 0.312500
vt 0.944444 0.687500
vt 0.972222 0.312500
vt 0.972222 0.687500
vt 1.000000 0.312500
vt 1.000000 0.687500
vt -0.000000 0.312500
vt 0.027778 0.312500
vt 0.027778 0.687500
vt -0.000000 0.687500
vt 0.055556 0.312500
vt 0.055556 0.687500
vt 0.083333 0.312500
vt 0.083333 0.687500
vt 0.111111 0.312500
vt 0.111111 0.687500
vt 0.138889 0.312500
vt 0.138889 0.687500
vt 0.166667 0.312500
vt 0.166667 0.687500
vt 0.194444 0.312500
vt 0.194444 0.687500
vt 0.222222 0.312500
vt 0.222222 0.687500
vt 0.250000 0.312500
vt 0.250000 0.687500
vt 0.277778 0.312500
vt 0.277778 0.687500
vt 0.305555 0.312500
vt 0.305555 0.687500
vt 0.333333 0.312500
vt 0.333333 0.687500
vt 0.361111 0.312500
vt 0.361111 0.687500
vt 0.388889 0.312500
vt 0.388889 0.687500
vt 0.416667 0.312500
vt 0.416667 0.687500
vt 0.444444 0.312500
vt 0.444444 0.687500
vt 0.472222 0.312500
vt 0.472222 0.687500
vt 0.500000 0.312500
vt 0.500000 0.687500
vt 0.527778 0.312500
vt 0.527778 0.687500
vt 0.555555 0.312500
vt 0.555555 0.687500
vt 0.583333 0.312500
vt 0.583333 0.687500
vt 0.611111 0.312500
vt 0.611111 0.687500
vt 0.638889 0.312500
vt 0.638889 0.687500
vt 0.666667 0.312500
vt 0.666667 0.687500
vt 0.694444 0.312500
vt 0.694444 0.687500
vt 0.722222 0.312500
vt 0.722222 0.687500
vt 0.766930 0.000000
vt 0.739825 0.000000
vt 0.794032 0.000000
vt 0.821107 0.000000
vt 0.848135 0.000000
vt 0.875096 0.000000
vt 0.901974 0.000000
vt 0.928753 0.000000
vt 0.955421 0.000000
vt 0.981970 0.000000
vt 0.027184 0.236811
vt 0.000594 0.236811
vt 0.054961 0.236811
vt 0.028372 0.236811
vt 0.082739 0.236811
vt 0.056150 0.236811
vt 0.110517 0.236811
vt 0.083928 0.236811
vt 0.138295 0.236811
vt 0.111705 0.236811
vt 0.166072 0.236811
vt 0.139483 0.236811
vt 0.193850 0.236811
vt 0.167261 0.236811
vt 0.221628 0.236811
vt 0.195039 0.236811
vt 0.249406 0.236811
vt 0.222816 0.236811
vt 0.277183 0.236811
vt 0.250594 0.236811
vt 0.304961 0.236811
vt 0.278372 0.236811
vt 0.332739 0.236811
vt 0.306150 0.236811
vt 0.360517 0.236811
vt 0.333927 0.236811
vt 0.388295 0.236811
vt 0.361705 0.236811
vt 0.416072 0.236811
vt 0.389483 0.236811
vt 0.443850 0.236811
vt 0.417261 0.236811
vt 0.471628 0.236811
vt 0.445039 0.236811
vt 0.499406 0.236811
vt 0.472816 0.236811
vt 0.527183 0.236811
vt 0.500594 0.236811
vt 0.554961 0.236811
vt 0.528372 0.236811
vt 0.582739 0.236811
vt 0.556150 0.236811
vt 0.610517 0.236811
vt 0.583927 0.236811
vt 0.638295 0.236811
vt 0.611705 0.236811
vt 0.666072 0.236811
vt 0.639483 0.236811
vt 0.693850 0.236811
vt 0.667261 0.236811
vt 0.721628 0.236811
vt 0.695039 0.236811
vt 0.749406 0.236811
vt 0.722816 0.236811
vt 0.764250 1.000000
vt 0.737194 1.000000
vt 0.791304 1.000000
vt 0.818337 1.000000
vt 0.845329 1.000000
vt 0.872261 1.000000
vt 0.899119 1.000000
vt 0.925886 1.000000
vt 0.952552 1.000000
vt 0.979107 1.000000
vt 0.980535 0.987701
vt 0.991116 1.000000
vt 0.962474 0.992070
vt 0.995234 1.020215
vt 0.988212 1.000000
vt 1.012476 1.009015
vt 0.981020 1.031811
vt 0.970484 1.000000
vt 1.017840 1.017383
vt 0.952360 1.042670
vt 0.938470 1.000000
vt 1.007811 1.025317
vt 0.910035 1.052332
vt 0.893144 1.000000
vt 0.982505 1.032521
vt 0.855302 1.060458
vt 0.835882 1.000000
vt 0.942631 1.038761
vt 0.789811 1.066784
vt 0.768424 1.000000
vt 0.889373 1.043837
vt 0.715546 1.071109
vt 0.692820 1.000000
vt 0.824337 1.047593
vt 0.634761 1.073298
vt 0.611368 1.000000
vt 0.749493 1.049913
vt 0.549909 1.073281
vt 0.526541 1.000000
vt 0.667112 1.050725
vt 0.463568 1.071060
vt 0.440918 1.000000
vt 0.579699 1.050005
vt 0.378365 1.066706
vt 0.357100 1.000000
vt 0.489914 1.047777
vt 0.296892 1.060357
vt 0.277634 1.000000
vt 0.400493 1.044109
vt 0.221633 1.052220
vt 0.204934 1.000000
vt 0.314174 1.039120
vt 0.154896 1.042569
vt 0.141210 1.000000
vt 0.233618 1.032973
vt 0.098759 1.031774
vt 0.088397 1.000000
vt 0.161384 1.025885
vt 0.055122 1.020447
vt 0.048100 1.000000
vt 0.100070 1.018187
vt 0.026678 1.010932
vt 0.021544 1.000000
vt 0.054406 1.010931
vt 0.020294 1.012299
vt 0.009536 1.000000
vt 0.038356 1.007930
vt 0.005596 0.979785
vt 0.012440 1.000000
vt -0.011647 0.990985
vt 0.019809 0.968189
vt 0.030168 1.000000
vt -0.017011 0.982617
vt 0.048469 0.957330
vt 0.062181 1.000000
vt -0.006981 0.974683
vt 0.090794 0.947668
vt 0.107508 1.000000
vt 0.018324 0.967479
vt 0.145527 0.939542
vt 0.164770 1.000000
vt 0.058198 0.961239
vt 0.211018 0.933216
vt 0.232227 1.000000
vt 0.111456 0.956163
vt 0.519220 0.513038
vt 0.710158 1.000000
vt -0.198678 0.686796
vt 0.538905 0.000000
vt 0.310402 0.000000
vt 0.234745 0.000000
vt 0.167235 0.000000
vt 0.109924 0.000000
vt 0.064553 0.000000
vt 0.032501 0.000000
vt 0.014741 0.000000
vt 0.011813 0.000000
vt 0.023807 0.000000
vt 0.050357 0.000000
vt 0.090657 0.000000
vt 0.143482 0.000000
vt 0.207227 0.000000
vt 0.279956 0.000000
vt 0.359458 0.000000
vt 0.443319 0.000000
vt 0.528989 0.000000
vt 0.613867 0.000000
vt 0.695373 0.000000
vt 0.771030 0.000000
vt 0.838539 0.000000
vt 0.895850 0.000000
vt 0.941222 0.000000
vt 0.973274 0.000000
vt 0.991035 0.000000
vt 0.993963 0.000000
vt 0.547517 1.000000
vt 0.384880 0.518667
vt 0.384991 0.517986
vt 0.387685 0.518175
vt 0.387646 0.518861
vt 0.384880 0.517361
vt 0.387646 0.517555
vt 0.390640 0.517555
vt 0.390601 0.518175
vt 0.390640 0.518861
vt 0.382763 0.518308
vt 0.382929 0.517636
vt 0.382623 0.517636
vt 0.382736 0.517002
vt 0.384900 0.517361
vt 0.384731 0.517986
vt 0.379908 0.517839
vt 0.379868 0.517179
vt 0.382736 0.518308
vt 0.379908 0.516533
vt 0.376848 0.517332
vt 0.376887 0.516685
vt 0.376848 0.516025
vt 0.374020 0.516863
vt 0.374133 0.516229
vt 0.374020 0.515557
vt 0.371856 0.516504
vt 0.372025 0.515879
vt 0.615009 0.515879
vt 0.615120 0.515198
vt 0.617237 0.515557
vt 0.617071 0.516229
vt 0.612354 0.516310
vt 0.612315 0.515690
vt 0.615120 0.516504
vt 0.612354 0.515004
vt 0.609360 0.516310
vt 0.609399 0.515690
vt 0.609360 0.515004
vt 0.606594 0.516504
vt 0.606705 0.515879
vt 0.606594 0.515198
vt 0.625980 0.516863
vt 0.625867 0.516229
vt 0.627975 0.515879
vt 0.628144 0.516504
vt 0.604643 0.516229
vt 0.604478 0.515557
vt 0.623152 0.517332
vt 0.623113 0.516685
vt 0.623152 0.516025
vt 0.625980 0.515557
vt 0.620092 0.517839
vt 0.620132 0.517179
vt 0.620092 0.516533
vt 0.617264 0.518308
vt 0.617377 0.517636
vt 0.617264 0.517002
vt 0.393406 0.518667
vt 0.393295 0.517986
vt 0.395357 0.517636
vt 0.395522 0.518308
vt 0.615269 0.517986
vt 0.615100 0.517361
vt 0.393406 0.517361
vt 0.384880 0.498795
vt 0.384991 0.498114
vt 0.387685 0.498303
vt 0.387646 0.498989
vt 0.384880 0.497489
vt 0.387646 0.497683
vt 0.390640 0.497683
vt 0.390601 0.498303
vt 0.390640 0.498989
vt 0.384880 0.502769
vt 0.384991 0.502088
vt 0.387685 0.502277
vt 0.387646 0.502964
vt 0.384880 0.501463
vt 0.387646 0.501657
vt 0.390640 0.501657
vt 0.390601 0.502277
vt 0.390640 0.502964
vt 0.384880 0.506744
vt 0.384991 0.506063
vt 0.387685 0.506252
vt 0.387646 0.506938
vt 0.384880 0.505438
vt 0.387646 0.505632
vt 0.390640 0.505632
vt 0.390601 0.506252
vt 0.390640 0.506938
vt 0.384880 0.510718
vt 0.384991 0.510037
vt 0.387685 0.510226
vt 0.387646 0.510912
vt 0.384880 0.509412
vt 0.387646 0.509606
vt 0.390640 0.509606
vt 0.390601 0.510226
vt 0.390640 0.510912
vt 0.384880 0.514692
vt 0.384991 0.514011
vt 0.387685 0.514200
vt 0.387646 0.514887
vt 0.384880 0.513386
vt 0.387646 0.513580
vt 0.390640 0.513580
vt 0.390601 0.514200
vt 0.390640 0.514887
vt 0.390640 0.521529
vt 0.390601 0.522149
vt 0.387685 0.522149
vt 0.387646 0.521529
vt 0.390601 0.522821
vt 0.387685 0.522821
vt 0.384991 0.522632
vt 0.384991 0.521960
vt 0.384880 0.521335
vt 0.382763 0.498436
vt 0.382929 0.497764
vt 0.382623 0.497764
vt 0.382736 0.497130
vt 0.384900 0.497489
vt 0.384731 0.498114
vt 0.382763 0.502411
vt 0.382929 0.501739
vt 0.382623 0.501739
vt 0.382736 0.501104
vt 0.384900 0.501463
vt 0.384731 0.502088
vt 0.382763 0.506385
vt 0.382929 0.505713
vt 0.382623 0.505713
vt 0.382736 0.505079
vt 0.384900 0.505438
vt 0.384731 0.506063
vt 0.382763 0.510359
vt 0.382929 0.509687
vt 0.382623 0.509687
vt 0.382736 0.509053
vt 0.384900 0.509412
vt 0.384731 0.510037
vt 0.382763 0.514334
vt 0.382929 0.513662
vt 0.382623 0.513662
vt 0.382736 0.513027
vt 0.384900 0.513386
vt 0.384731 0.514011
vt 0.382623 0.522282
vt 0.382623 0.521610
vt 0.384731 0.521960
vt 0.384731 0.522632
vt 0.382736 0.520976
vt 0.384900 0.521335
vt 0.379908 0.497967
vt 0.379868 0.497308
vt 0.382736 0.498436
vt 0.379908 0.496661
vt 0.379908 0.501942
vt 0.379868 0.501282
vt 0.382736 0.502411
vt 0.379908 0.500636
vt 0.379908 0.505916
vt 0.379868 0.505256
vt 0.382736 0.506385
vt 0.379908 0.504610
vt 0.379908 0.509890
vt 0.379868 0.509231
vt 0.382736 0.510359
vt 0.379908 0.508584
vt 0.379908 0.513865
vt 0.379868 0.513205
vt 0.382736 0.514334
vt 0.379908 0.512559
vt 0.379868 0.521826
vt 0.379868 0.521154
vt 0.379908 0.520507
vt 0.376848 0.497460
vt 0.376887 0.496814
vt 0.376848 0.496154
vt 0.376848 0.501434
vt 0.376887 0.500788
vt 0.376848 0.500128
vt 0.376848 0.505409
vt 0.376887 0.504762
vt 0.376848 0.504103
vt 0.376848 0.509383
vt 0.376887 0.508736
vt 0.376848 0.508077
vt 0.376848 0.513357
vt 0.376887 0.512711
vt 0.376848 0.512051
vt 0.376887 0.521331
vt 0.376887 0.520660
vt 0.376848 0.520000
vt 0.374020 0.496991
vt 0.374133 0.496357
vt 0.374020 0.495685
vt 0.374020 0.500966
vt 0.374133 0.500331
vt 0.374020 0.499659
vt 0.374020 0.504940
vt 0.374133 0.504306
vt 0.374020 0.503634
vt 0.374020 0.508914
vt 0.374133 0.508280
vt 0.374020 0.507608
vt 0.374020 0.512889
vt 0.374133 0.512254
vt 0.374020 0.511582
vt 0.374133 0.520875
vt 0.374133 0.520203
vt 0.374020 0.519531
vt 0.371856 0.496632
vt 0.372025 0.496007
vt 0.615009 0.496007
vt 0.615120 0.495326
vt 0.617237 0.495685
vt 0.617071 0.496357
vt 0.371856 0.500607
vt 0.372025 0.499982
vt 0.615009 0.499982
vt 0.615120 0.499301
vt 0.617237 0.499659
vt 0.617071 0.500331
vt 0.371856 0.504581
vt 0.372025 0.503956
vt 0.615009 0.503956
vt 0.615120 0.503275
vt 0.617237 0.503634
vt 0.617071 0.504306
vt 0.371856 0.508555
vt 0.372025 0.507930
vt 0.615009 0.507930
vt 0.615120 0.507249
vt 0.617237 0.507608
vt 0.617071 0.508280
vt 0.371856 0.512530
vt 0.372025 0.511905
vt 0.615009 0.511905
vt 0.615120 0.511224
vt 0.617237 0.511582
vt 0.617071 0.512254
vt 0.372025 0.520525
vt 0.372025 0.519853
vt 0.615009 0.519853
vt 0.615120 0.519172
vt 0.617237 0.519531
vt 0.617071 0.520203
vt 0.612354 0.496438
vt 0.612315 0.495818
vt 0.615120 0.496632
vt 0.612354 0.495132
vt 0.612354 0.500413
vt 0.612315 0.499793
vt 0.615120 0.500607
vt 0.612354 0.499106
vt 0.612354 0.504387
vt 0.612315 0.503767
vt 0.615120 0.504581
vt 0.612354 0.503081
vt 0.612354 0.508361
vt 0.612315 0.507741
vt 0.615120 0.508555
vt 0.612354 0.507055
vt 0.612354 0.512336
vt 0.612315 0.511716
vt 0.615120 0.512530
vt 0.612354 0.511029
vt 0.612315 0.520336
vt 0.612315 0.519664
vt 0.615009 0.520525
vt 0.612354 0.518978
vt 0.609360 0.496438
vt 0.609399 0.495818
vt 0.609360 0.495132
vt 0.609360 0.500413
vt 0.609399 0.499793
vt 0.609360 0.499106
vt 0.609360 0.504387
vt 0.609399 0.503767
vt 0.609360 0.503081
vt 0.609360 0.508361
vt 0.609399 0.507741
vt 0.609360 0.507055
vt 0.609360 0.512336
vt 0.609399 0.511716
vt 0.609360 0.511029
vt 0.609399 0.520336
vt 0.609399 0.519664
vt 0.609360 0.518978
vt 0.606594 0.496632
vt 0.606705 0.496007
vt 0.606594 0.495326
vt 0.606594 0.500607
vt 0.606705 0.499982
vt 0.606594 0.499301
vt 0.606594 0.504581
vt 0.606705 0.503956
vt 0.606594 0.503275
vt 0.606594 0.508555
vt 0.606705 0.507930
vt 0.606594 0.507249
vt 0.606594 0.512530
vt 0.606705 0.511905
vt 0.606594 0.511224
vt 0.606705 0.520525
vt 0.606705 0.519853
vt 0.606594 0.519172
vt 0.625980 0.496991
vt 0.625867 0.496357
vt 0.627975 0.496007
vt 0.628144 0.496632
vt 0.604643 0.496357
vt 0.604478 0.495685
vt 0.625980 0.500966
vt 0.625867 0.500331
vt 0.627975 0.499982
vt 0.628144 0.500607
vt 0.604643 0.500331
vt 0.604478 0.499659
vt 0.625980 0.504940
vt 0.625867 0.504306
vt 0.627975 0.503956
vt 0.628144 0.504581
vt 0.604643 0.504306
vt 0.604478 0.503634
vt 0.625980 0.508914
vt 0.625867 0.508280
vt 0.627975 0.507930
vt 0.628144 0.508555
vt 0.604643 0.508280
vt 0.604478 0.507608
vt 0.625980 0.512889
vt 0.625867 0.512254
vt 0.627975 0.511905
vt 0.628144 0.512530
vt 0.604643 0.512254
vt 0.604478 0.511582
vt 0.625867 0.520875
vt 0.625867 0.520203
vt 0.627975 0.519853
vt 0.627975 0.520525
vt 0.604643 0.520203
vt 0.604478 0.519531
vt 0.623152 0.497460
vt 0.623113 0.496814
vt 0.623152 0.496154
vt 0.625980 0.495685
vt 0.623152 0.501434
vt 0.623113 0.500788
vt 0.623152 0.500128
vt 0.625980 0.499659
vt 0.623152 0.505409
vt 0.623113 0.504762
vt 0.623152 0.504103
vt 0.625980 0.503634
vt 0.623152 0.509383
vt 0.623113 0.508737
vt 0.623152 0.508077
vt 0.625980 0.507608
vt 0.623152 0.513357
vt 0.623113 0.512711
vt 0.623152 0.512051
vt 0.625980 0.511582
vt 0.623113 0.521331
vt 0.623113 0.520660
vt 0.623152 0.520000
vt 0.625980 0.519531
vt 0.620092 0.497967
vt 0.620132 0.497308
vt 0.620092 0.496661
vt 0.620092 0.501942
vt 0.620132 0.501282
vt 0.620092 0.500636
vt 0.620092 0.505916
vt 0.620132 0.505256
vt 0.620092 0.504610
vt 0.620092 0.509890
vt 0.620132 0.509231
vt 0.620092 0.508584
vt 0.620092 0.513865
vt 0.620132 0.513205
vt 0.620092 0.512559
vt 0.620132 0.521826
vt 0.620132 0.521154
vt 0.620092 0.520507
vt 0.617264 0.498436
vt 0.617377 0.497764
vt 0.617264 0.497130
vt 0.617264 0.502411
vt 0.617377 0.501739
vt 0.617264 0.501104
vt 0.617264 0.506385
vt 0.617377 0.505713
vt 0.617264 0.505079
vt 0.617264 0.510359
vt 0.617377 0.509687
vt 0.617264 0.509053
vt 0.617264 0.514334
vt 0.617377 0.513662
vt 0.617264 0.513027
vt 0.617377 0.522282
vt 0.617377 0.521610
vt 0.617264 0.520976
vt 0.393406 0.498795
vt 0.393295 0.498114
vt 0.395357 0.497764
vt 0.395522 0.498436
vt 0.615269 0.498114
vt 0.615100 0.497489
vt 0.393406 0.502769
vt 0.393295 0.502088
vt 0.395357 0.501739
vt 0.395522 0.502411
vt 0.615269 0.502088
vt 0.615100 0.501463
vt 0.393406 0.506744
vt 0.393295 0.506063
vt 0.395357 0.505713
vt 0.395522 0.506385
vt 0.615269 0.506063
vt 0.615100 0.505438
vt 0.393406 0.510718
vt 0.393295 0.510037
vt 0.395357 0.509687
vt 0.395522 0.510359
vt 0.615269 0.510037
vt 0.615100 0.509412
vt 0.393406 0.514692
vt 0.393295 0.514011
vt 0.395357 0.513662
vt 0.395522 0.514334
vt 0.615269 0.514011
vt 0.615100 0.513386
vt 0.615269 0.522632
vt 0.615269 0.521960
vt 0.615100 0.521335
vt 0.393406 0.497489
vt 0.393406 0.501463
vt 0.393406 0.505438
vt 0.393406 0.509412
vt 0.393406 0.513386
vt 0.393295 0.521960
vt 0.393295 0.522632
vt 0.393406 0.521335
vt 0.384900 0.384880
vt 0.386086 0.384105
vt 0.387470 0.387374
vt 0.386071 0.387646
vt 0.387470 0.390912
vt 0.386071 0.390640
vt 0.390912 0.520427
vt 0.387374 0.520427
vt 0.384105 0.520197
vt 0.382736 0.382763
vt 0.383528 0.381604
vt 0.615100 0.384880
vt 0.613914 0.384105
vt 0.616472 0.381604
vt 0.617264 0.382763
vt 0.379908 0.381618
vt 0.380186 0.380250
vt 0.619814 0.380250
vt 0.620092 0.381618
vt 0.376848 0.381618
vt 0.376569 0.380250
vt 0.623431 0.380250
vt 0.623152 0.381618
vt 0.374020 0.382763
vt 0.373228 0.381604
vt 0.626772 0.381604
vt 0.625980 0.382763
vt 0.371856 0.384880
vt 0.370670 0.384105
vt 0.629330 0.384105
vt 0.628144 0.384880
vt 0.612626 0.513438
vt 0.615895 0.513667
vt 0.630714 0.387374
vt 0.629315 0.387646
vt 0.609088 0.513438
vt 0.630714 0.390912
vt 0.629315 0.390640
vt 0.605820 0.513667
vt 0.629330 0.394180
vt 0.628144 0.393406
vt 0.374020 0.395522
vt 0.373228 0.396682
vt 0.370670 0.394180
vt 0.371856 0.393406
vt 0.626772 0.396682
vt 0.625980 0.395522
vt 0.376848 0.396668
vt 0.376569 0.398036
vt 0.623431 0.398036
vt 0.623152 0.396668
vt 0.379908 0.396668
vt 0.380186 0.398036
vt 0.619814 0.398036
vt 0.620092 0.396668
vt 0.382736 0.395522
vt 0.383528 0.396682
vt 0.616472 0.396682
vt 0.617264 0.395522
vt 0.384900 0.393406
vt 0.386086 0.394180
vt 0.613914 0.394180
vt 0.615100 0.393406
vt 0.394180 0.520197
vt 0.390756 0.491755
vt 0.390912 0.492607
vt 0.387374 0.492607
vt 0.387529 0.491755
vt 0.613329 0.387529
vt 0.612530 0.387374
vt 0.614592 0.384548
vt 0.385408 0.384548
vt 0.386671 0.387529
vt 0.386671 0.390756
vt 0.390756 0.495730
vt 0.390912 0.496581
vt 0.387374 0.496581
vt 0.387529 0.495730
vt 0.613329 0.387529
vt 0.390912 0.500555
vt 0.387374 0.500555
vt 0.384105 0.500326
vt 0.390912 0.504530
vt 0.387374 0.504530
vt 0.384105 0.504300
vt 0.385408 0.384548
vt 0.390912 0.508504
vt 0.387374 0.508504
vt 0.384105 0.508274
vt 0.390756 0.511627
vt 0.387529 0.511627
vt 0.390912 0.512478
vt 0.387374 0.512478
vt 0.384548 0.511418
vt 0.390912 0.516453
vt 0.387374 0.516453
vt 0.384105 0.516223
vt 0.386671 0.390756
vt 0.616472 0.381604
vt 0.616925 0.382266
vt 0.383075 0.382266
vt 0.383528 0.381604
vt 0.619973 0.381031
vt 0.380027 0.381031
vt 0.379908 0.381618
vt 0.623272 0.381031
vt 0.376728 0.381031
vt 0.376728 0.503467
vt 0.380027 0.504014
vt 0.623272 0.381031
vt 0.376728 0.509979
vt 0.380027 0.510526
vt 0.376728 0.519365
vt 0.380027 0.519912
vt 0.376728 0.381031
vt 0.626772 0.381604
vt 0.626320 0.382266
vt 0.373680 0.382266
vt 0.373228 0.381604
vt 0.628652 0.384548
vt 0.371348 0.384548
vt 0.371348 0.384548
vt 0.629915 0.387529
vt 0.370085 0.387529
vt 0.369286 0.387374
vt 0.612626 0.493566
vt 0.615895 0.493796
vt 0.612626 0.497540
vt 0.615895 0.497770
vt 0.612471 0.502366
vt 0.615452 0.502575
vt 0.369286 0.387374
vt 0.612626 0.505489
vt 0.615895 0.505719
vt 0.612626 0.509463
vt 0.615895 0.509693
vt 0.612471 0.518263
vt 0.615452 0.518473
vt 0.629915 0.390756
vt 0.609244 0.490443
vt 0.609088 0.489592
vt 0.612626 0.489592
vt 0.612471 0.490443
vt 0.609088 0.493566
vt 0.609088 0.497540
vt 0.609244 0.502366
vt 0.609088 0.501515
vt 0.612626 0.501515
vt 0.609088 0.505489
vt 0.609088 0.509463
vt 0.609244 0.518263
vt 0.609088 0.517412
vt 0.612626 0.517412
vt 0.628652 0.393738
vt 0.371348 0.393738
vt 0.369286 0.390912
vt 0.370085 0.390756
vt 0.605820 0.493796
vt 0.605820 0.497770
vt 0.606262 0.502575
vt 0.605820 0.505719
vt 0.605820 0.509693
vt 0.606262 0.518473
vt 0.626320 0.396019
vt 0.373680 0.396019
vt 0.623272 0.397254
vt 0.376728 0.397254
vt 0.619973 0.397254
vt 0.380027 0.397254
vt 0.619973 0.504014
vt 0.623272 0.503467
vt 0.619973 0.510526
vt 0.623272 0.509979
vt 0.619973 0.519912
vt 0.623272 0.519365
vt 0.616472 0.396682
vt 0.616925 0.396019
vt 0.383075 0.396019
vt 0.383528 0.396682
vt 0.614592 0.393738
vt 0.385408 0.393738
vt 0.385408 0.393738
vt 0.614592 0.393738
vt 0.612530 0.390912
vt 0.613329 0.390756
vt 0.394180 0.500326
vt 0.394180 0.504300
vt 0.394180 0.508274
vt 0.613329 0.390756
vt 0.393738 0.511418
vt 0.394180 0.516223
vt 0.384553 0.495505
vt 0.384991 0.494140
vt 0.387685 0.494329
vt 0.384548 0.492983
vt 0.387529 0.493193
vt 0.390756 0.493193
vt 0.390601 0.494329
vt 0.382276 0.495114
vt 0.382929 0.493790
vt 0.383075 0.492597
vt 0.385408 0.492983
vt 0.384731 0.494140
vt 0.382623 0.493790
vt 0.383069 0.495114
vt 0.380025 0.494609
vt 0.379868 0.493333
vt 0.380027 0.492091
vt 0.376728 0.494081
vt 0.376887 0.492839
vt 0.376731 0.491563
vt 0.373680 0.493576
vt 0.374133 0.492383
vt 0.373687 0.491058
vt 0.371348 0.493189
vt 0.372025 0.492033
vt 0.615447 0.490667
vt 0.617724 0.491058
vt 0.617071 0.492383
vt 0.615009 0.492033
vt 0.615452 0.493189
vt 0.612471 0.492980
vt 0.612315 0.491844
vt 0.615442 0.490682
vt 0.609244 0.492980
vt 0.609399 0.491844
vt 0.606262 0.493189
vt 0.606705 0.492033
vt 0.606267 0.490667
vt 0.628652 0.493189
vt 0.626320 0.493576
vt 0.625867 0.492383
vt 0.627975 0.492033
vt 0.603990 0.491058
vt 0.604643 0.492383
vt 0.623272 0.494081
vt 0.623113 0.492839
vt 0.623269 0.491563
vt 0.626313 0.491058
vt 0.619975 0.494609
vt 0.620132 0.493333
vt 0.619973 0.492091
vt 0.616931 0.495114
vt 0.617377 0.493790
vt 0.616925 0.492597
vt 0.396010 0.495114
vt 0.393733 0.495505
vt 0.393295 0.494140
vt 0.395357 0.493790
vt 0.614592 0.492983
vt 0.615269 0.494140
vt 0.393738 0.492983
vt 0.389143 0.491755
vt 0.621622 0.389143
vt 0.389143 0.522726
vt 0.378378 0.521579
vt 0.610857 0.520431
vt 0.621622 0.521579
s 1
usemtl bolt9
f 252/1/1 253/2/2 19/2/2 18/1/1
f 32/3/3 259/3/3 261/4/3 26/4/3
f 39/3/4 36/5/5 265/5/5 264/3/4
f 48/3/6 269/3/6 271/4/6 41/4/6
f 4/6/7 3/1/8 51/1/9 52/6/10
f 1/7/11 2/5/12 50/5/13 49/7/11
f 3/1/8 45/2/14 93/2/14 51/1/9
f 5/8/15 4/6/7 52/6/10 53/8/16
f 6/9/17 5/8/15 53/8/16 54/9/17
f 7/4/18 6/9/17 54/9/17 55/4/19
f 8/3/20 7/4/18 55/4/19 56/3/21
f 2/5/12 8/3/20 56/3/21 50/5/13
f 10/4/22 9/9/23 57/9/23 58/4/24
f 11/1/25 1/2/11 49/2/11 59/1/26
f 19/7/27 12/5/28 60/5/29 67/7/27
f 13/6/30 11/1/25 59/1/26 61/6/31
f 14/8/32 13/6/30 61/6/31 62/8/33
f 9/9/23 14/8/32 62/8/33 57/9/23
f 12/5/28 15/3/34 63/3/35 60/5/29
f 15/3/34 10/4/22 58/4/24 63/3/35
f 17/4/36 16/9/37 64/9/37 65/4/38
f 18/1/39 19/2/27 67/2/27 66/1/40
f 21/7/41 20/5/42 68/5/43 69/7/41
f 22/6/44 18/1/39 66/1/40 70/6/45
f 23/8/46 22/6/44 70/6/45 71/8/47
f 16/9/37 23/8/46 71/8/47 64/9/37
f 20/5/42 24/3/48 72/3/49 68/5/43
f 24/3/48 17/4/36 65/4/38 72/3/49
f 26/4/50 25/9/51 73/9/51 74/4/52
f 27/1/53 21/2/41 69/2/41 75/1/54
f 29/7/55 28/5/56 76/5/57 77/7/55
f 30/6/58 27/1/53 75/1/54 78/6/59
f 31/8/60 30/6/58 78/6/59 79/8/61
f 25/9/51 31/8/60 79/8/61 73/9/51
f 28/5/56 32/3/62 80/3/63 76/5/57
f 32/3/62 26/4/50 74/4/52 80/3/63
f 34/4/64 33/9/65 81/9/65 82/4/66
f 35/1/67 29/2/55 77/2/55 83/1/68
f 43/7/69 36/5/70 84/5/71 91/7/69
f 37/6/72 35/1/67 83/1/68 85/6/73
f 38/8/74 37/6/72 85/6/73 86/8/75
f 33/9/65 38/8/74 86/8/75 81/9/65
f 36/5/70 39/3/76 87/3/77 84/5/71
f 39/3/76 34/4/64 82/4/66 87/3/77
f 41/4/78 40/9/79 88/9/79 89/4/80
f 42/1/81 43/2/69 91/2/69 90/1/82
f 45/7/14 44/5/83 92/5/84 93/7/14
f 46/6/85 42/1/81 90/1/82 94/6/86
f 47/8/87 46/6/85 94/6/86 95/8/88
f 40/9/79 47/8/87 95/8/88 88/9/79
f 44/5/83 48/3/89 96/3/90 92/5/84
f 48/3/89 41/4/78 89/4/80 96/3/90
f 52/6/91 51/1/92 99/1/92 100/6/91
f 49/7/93 50/5/94 98/5/94 97/7/93
f 51/1/92 93/2/95 141/2/95 99/1/92
f 53/8/96 52/6/91 100/6/91 101/8/96
f 54/9/97 53/8/96 101/8/96 102/9/97
f 55/4/98 54/9/97 102/9/97 103/4/98
f 56/3/99 55/4/98 103/4/98 104/3/99
f 50/5/94 56/3/99 104/3/99 98/5/94
f 58/4/100 57/9/101 105/9/101 106/4/100
f 59/1/102 49/2/93 97/2/93 107/1/102
f 67/7/103 60/5/104 108/5/104 115/7/103
f 61/6/105 59/1/102 107/1/102 109/6/105
f 62/8/106 61/6/105 109/6/105 110/8/106
f 57/9/101 62/8/106 110/8/106 105/9/101
f 60/5/104 63/3/107 111/3/107 108/5/104
f 63/3/107 58/4/100 106/4/100 111/3/107
f 65/4/108 64/9/109 112/9/109 113/4/108
f 66/1/110 67/2/103 115/2/103 114/1/110
f 69/7/111 68/5/112 116/5/112 117/7/111
f 70/6/113 66/1/110 114/1/110 118/6/113
f 71/8/114 70/6/113 118/6/113 119/8/114
f 64/9/109 71/8/114 119/8/114 112/9/109
f 68/5/112 72/3/115 120/3/115 116/5/112
f 72/3/115 65/4/108 113/4/108 120/3/115
f 74/4/116 73/9/117 121/9/117 122/4/116
f 75/1/118 69/2/111 117/2/111 123/1/118
f 77/7/119 76/5/120 124/5/120 125/7/119
f 78/6/121 75/1/118 123/1/118 126/6/121
f 79/8/122 78/6/121 126/6/121 127/8/122
f 73/9/117 79/8/122 127/8/122 121/9/117
f 76/5/120 80/3/123 128/3/123 124/5/120
f 80/3/123 74/4/116 122/4/116 128/3/123
f 82/4/124 81/9/125 129/9/125 130/4/124
f 83/1/126 77/2/119 125/2/119 131/1/126
f 91/7/127 84/5/128 132/5/128 139/7/127
f 85/6/129 83/1/126 131/1/126 133/6/129
f 86/8/130 85/6/129 133/6/129 134/8/130
f 81/9/125 86/8/130 134/8/130 129/9/125
f 84/5/128 87/3/131 135/3/131 132/5/128
f 87/3/131 82/4/124 130/4/124 135/3/131
f 89/4/132 88/9/133 136/9/133 137/4/132
f 90/1/134 91/2/127 139/2/127 138/1/134
f 93/7/95 92/5/135 140/5/135 141/7/95
f 94/6/136 90/1/134 138/1/134 142/6/136
f 95/8/137 94/6/136 142/6/136 143/8/137
f 88/9/133 95/8/137 143/8/137 136/9/133
f 92/5/135 96/3/138 144/3/138 140/5/135
f 96/3/138 89/4/132 137/4/132 144/3/138
f 100/6/139 99/1/139 147/1/139 148/6/139
f 97/7/139 98/5/139 146/5/139 145/7/139
f 99/1/139 141/2/139 189/2/139 147/1/139
f 101/8/139 100/6/139 148/6/139 149/8/139
f 102/9/139 101/8/139 149/8/139 150/9/139
f 103/4/139 102/9/139 150/9/139 151/4/139
f 104/3/139 103/4/139 151/4/139 152/3/139
f 98/5/139 104/3/139 152/3/139 146/5/139
f 106/4/139 105/9/139 153/9/139 154/4/139
f 107/1/139 97/2/139 145/2/139 155/1/139
f 115/7/139 108/5/139 156/5/139 163/7/139
f 109/6/139 107/1/139 155/1/139 157/6/139
f 110/8/139 109/6/139 157/6/139 158/8/139
f 105/9/139 110/8/139 158/8/139 153/9/139
f 108/5/139 111/3/139 159/3/139 156/5/139
f 111/3/139 106/4/139 154/4/139 159/3/139
f 113/4/139 112/9/139 160/9/139 161/4/139
f 114/1/139 115/2/139 163/2/139 162/1/139
f 117/7/139 116/5/139 164/5/139 165/7/139
f 118/6/139 114/1/139 162/1/139 166/6/139
f 119/8/139 118/6/139 166/6/139 167/8/139
f 112/9/139 119/8/139 167/8/139 160/9/139
f 116/5/139 120/3/139 168/3/139 164/5/139
f 120/3/139 113/4/139 161/4/139 168/3/139
f 122/4/139 121/9/139 169/9/139 170/4/139
f 123/1/139 117/2/139 165/2/139 171/1/139
f 125/7/139 124/5/139 172/5/139 173/7/139
f 126/6/139 123/1/139 171/1/139 174/6/139
f 127/8/139 126/6/139 174/6/139 175/8/139
f 121/9/139 127/8/139 175/8/139 169/9/139
f 124/5/139 128/3/139 176/3/139 172/5/139
f 128/3/139 122/4/139 170/4/139 176/3/139
f 130/4/139 129/9/139 177/9/139 178/4/139
f 131/1/139 125/2/139 173/2/139 179/1/139
f 139/7/139 132/5/139 180/5/139 187/7/139
f 133/6/139 131/1/139 179/1/139 181/6/139
f 134/8/139 133/6/139 181/6/139 182/8/139
f 129/9/139 134/8/139 182/8/139 177/9/139
f 132/5/139 135/3/139 183/3/139 180/5/139
f 135/3/139 130/4/139 178/4/139 183/3/139
f 137/4/139 136/9/139 184/9/139 185/4/139
f 138/1/139 139/2/139 187/2/139 186/1/139
f 141/7/139 140/5/139 188/5/139 189/7/139
f 142/6/139 138/1/139 186/1/139 190/6/139
f 143/8/139 142/6/139 190/6/139 191/8/139
f 136/9/139 143/8/139 191/8/139 184/9/139
f 140/5/139 144/3/139 192/3/139 188/5/139
f 144/3/139 137/4/139 185/4/139 192/3/139
f 148/6/140 147/1/141 195/1/141 196/6/140
f 145/7/142 146/5/143 194/5/143 193/7/142
f 147/1/141 189/2/144 237/2/144 195/1/141
f 149/8/145 148/6/140 196/6/140 197/8/145
f 150/9/146 149/8/145 197/8/145 198/9/146
f 151/4/147 150/9/146 198/9/146 199/4/147
f 152/3/148 151/4/147 199/4/147 200/3/148
f 146/5/143 152/3/148 200/3/148 194/5/143
f 154/4/149 153/9/150 201/9/150 202/4/149
f 155/1/151 145/2/142 193/2/142 203/1/151
f 163/7/152 156/5/153 204/5/153 211/7/152
f 157/6/154 155/1/151 203/1/151 205/6/154
f 158/8/155 157/6/154 205/6/154 206/8/155
f 153/9/150 158/8/155 206/8/155 201/9/150
f 156/5/153 159/3/156 207/3/156 204/5/153
f 159/3/156 154/4/149 202/4/149 207/3/156
f 161/4/157 160/9/158 208/9/158 209/4/157
f 162/1/159 163/2/152 211/2/152 210/1/159
f 165/7/160 164/5/161 212/5/161 213/7/160
f 166/6/162 162/1/159 210/1/159 214/6/162
f 167/8/163 166/6/162 214/6/162 215/8/163
f 160/9/158 167/8/163 215/8/163 208/9/158
f 164/5/161 168/3/164 216/3/164 212/5/161
f 168/3/164 161/4/157 209/4/157 216/3/164
f 170/4/165 169/9/166 217/9/166 218/4/165
f 171/1/167 165/2/160 213/2/160 219/1/167
f 173/7/168 172/5/169 220/5/169 221/7/168
f 174/6/170 171/1/167 219/1/167 222/6/170
f 175/8/171 174/6/170 222/6/170 223/8/171
f 169/9/166 175/8/171 223/8/171 217/9/166
f 172/5/169 176/3/172 224/3/172 220/5/169
f 176/3/172 170/4/165 218/4/165 224/3/172
f 178/4/173 177/9/174 225/9/174 226/4/173
f 179/1/175 173/2/168 221/2/168 227/1/175
f 187/7/176 180/5/177 228/5/177 235/7/176
f 181/6/178 179/1/175 227/1/175 229/6/178
f 182/8/179 181/6/178 229/6/178 230/8/179
f 177/9/174 182/8/179 230/8/179 225/9/174
f 180/5/177 183/3/180 231/3/180 228/5/177
f 183/3/180 178/4/173 226/4/173 231/3/180
f 185/4/181 184/9/182 232/9/182 233/4/181
f 186/1/183 187/2/176 235/2/176 234/1/183
f 189/7/144 188/5/184 236/5/184 237/7/144
f 190/6/185 186/1/183 234/1/183 238/6/185
f 191/8/186 190/6/185 238/6/185 239/8/186
f 184/9/182 191/8/186 239/8/186 232/9/182
f 188/5/184 192/3/187 240/3/187 236/5/184
f 192/3/187 185/4/181 233/4/181 240/3/187
f 196/6/139 195/1/139 241/10/139
f 193/7/139 194/5/139 241/10/139
f 195/1/139 237/2/139 241/10/139
f 197/8/139 196/6/139 241/10/139
f 198/9/139 197/8/139 241/10/139
f 199/4/139 198/9/139 241/10/139
f 200/3/139 199/4/139 241/10/139
f 194/5/139 200/3/139 241/10/139
f 202/4/139 201/9/139 241/11/139
f 203/1/139 193/2/139 241/11/139
f 211/7/139 204/5/139 241/11/139
f 205/6/139 203/1/139 241/11/139
f 206/8/139 205/6/139 241/11/139
f 201/9/139 206/8/139 241/11/139
f 204/5/139 207/3/139 241/11/139
f 207/3/139 202/4/139 241/11/139
f 209/4/139 208/9/139 241/11/139
f 210/1/139 211/2/139 241/11/139
f 213/7/139 212/5/139 241/11/139
f 214/6/139 210/1/139 241/11/139
f 215/8/139 214/6/139 241/11/139
f 208/9/139 215/8/139 241/11/139
f 212/5/139 216/3/139 241/11/139
f 216/3/139 209/4/139 241/11/139
f 218/4/139 217/9/139 241/11/139
f 219/1/139 213/2/139 241/11/139
f 221/7/139 220/5/139 241/11/139
f 222/6/139 219/1/139 241/11/139
f 223/8/139 222/6/139 241/11/139
f 217/9/139 223/8/139 241/11/139
f 220/5/139 224/3/139 241/11/139
f 224/3/139 218/4/139 241/11/139
f 226/4/139 225/9/139 241/11/139
f 227/1/139 221/2/139 241/11/139
f 235/7/139 228/5/139 241/11/139
f 229/6/139 227/1/139 241/11/139
f 230/8/139 229/6/139 241/11/139
f 225/9/139 230/8/139 241/11/139
f 228/5/139 231/3/139 241/11/139
f 231/3/139 226/4/139 241/11/139
f 233/4/139 232/9/139 241/12/139
f 234/1/139 235/2/139 241/12/139
f 237/7/139 236/5/139 241/12/139
f 238/6/139 234/1/139 241/12/139
f 239/8/139 238/6/139 241/12/139
f 232/9/139 239/8/139 241/12/139
f 236/5/139 240/3/139 241/12/139
f 240/3/139 233/4/139 241/12/139
f 6/9/188 7/4/188 246/4/188 280/9/188
f 4/6/188 5/8/188 278/8/188 272/6/188
f 12/5/189 19/7/2 253/7/2 250/5/189
f 21/7/190 258/7/190 255/5/191 20/5/191
f 18/1/1 22/6/192 301/6/192 252/1/1
f 23/8/192 303/8/192 301/6/192 22/6/192
f 26/4/3 261/4/3 306/9/3 25/9/3
f 29/7/193 263/7/193 260/5/194 28/5/194
f 31/8/3 25/9/3 306/9/3 314/8/3
f 33/9/4 34/4/4 266/4/4 317/9/4
f 40/9/6 41/4/6 271/4/6 328/9/6
f 46/6/6 47/8/6 335/8/6 333/6/6
f 243/2/195 45/2/195 3/1/196 242/1/196
f 8/3/188 2/5/197 245/5/197 244/3/188
f 246/4/188 7/4/188 8/3/188 244/3/188
f 248/2/198 1/2/198 11/1/199 247/1/199
f 15/3/200 12/5/189 250/5/189 249/3/200
f 10/4/200 15/3/200 249/3/200 251/4/200
f 24/3/192 20/5/191 255/5/191 254/3/192
f 17/4/192 24/3/192 254/3/192 256/4/192
f 258/2/190 21/2/190 27/1/201 257/1/201
f 32/3/3 28/5/194 260/5/194 259/3/3
f 263/2/193 29/2/193 35/1/202 262/1/202
f 266/4/4 34/4/4 39/3/4 264/3/4
f 268/2/203 43/2/203 42/1/204 267/1/204
f 269/3/6 48/3/6 44/5/205 270/5/205
f 272/6/206 274/6/207 273/1/208 242/1/209
f 248/7/210 276/7/210 275/5/211 245/5/212
f 242/1/209 273/1/208 277/2/213 243/2/213
f 278/8/214 279/8/215 274/6/207 272/6/206
f 280/9/216 281/9/216 279/8/215 278/8/214
f 246/4/217 282/4/218 281/9/216 280/9/216
f 244/3/219 283/3/220 282/4/218 246/4/217
f 245/5/212 275/5/211 283/3/220 244/3/219
f 251/4/221 286/4/222 285/9/223 284/9/223
f 247/1/224 287/1/225 276/2/210 248/2/210
f 253/7/226 289/7/226 288/5/227 250/5/228
f 290/6/229 291/6/230 287/1/225 247/1/224
f 292/8/231 293/8/232 291/6/230 290/6/229
f 284/9/223 285/9/223 293/8/232 292/8/231
f 250/5/228 288/5/227 294/3/233 249/3/234
f 249/3/234 294/3/233 286/4/222 251/4/221
f 256/4/235 297/4/236 296/9/237 295/9/237
f 252/1/238 298/1/239 289/2/226 253/2/226
f 258/7/240 300/7/240 299/5/241 255/5/242
f 301/6/243 302/6/244 298/1/239 252/1/238
f 303/8/245 304/8/246 302/6/244 301/6/243
f 295/9/237 296/9/237 304/8/246 303/8/245
f 255/5/242 299/5/241 305/3/247 254/3/248
f 254/3/248 305/3/247 297/4/236 256/4/235
f 261/4/249 308/4/250 307/9/251 306/9/251
f 257/1/252 309/1/253 300/2/240 258/2/240
f 263/7/254 311/7/254 310/5/255 260/5/256
f 312/6/257 313/6/258 309/1/253 257/1/252
f 314/8/259 315/8/260 313/6/258 312/6/257
f 306/9/251 307/9/251 315/8/260 314/8/259
f 260/5/256 310/5/255 316/3/261 259/3/262
f 259/3/262 316/3/261 308/4/250 261/4/249
f 266/4/263 319/4/264 318/9/265 317/9/265
f 262/1/266 320/1/267 311/2/254 263/2/254
f 268/7/268 322/7/268 321/5/269 265/5/270
f 323/6/271 324/6/272 320/1/267 262/1/266
f 325/8/273 326/8/274 324/6/272 323/6/271
f 317/9/265 318/9/265 326/8/274 325/8/273
f 265/5/270 321/5/269 327/3/275 264/3/276
f 264/3/276 327/3/275 319/4/264 266/4/263
f 271/4/277 330/4/278 329/9/279 328/9/279
f 267/1/280 331/1/281 322/2/268 268/2/268
f 243/7/213 277/7/213 332/5/282 270/5/283
f 333/6/284 334/6/285 331/1/281 267/1/280
f 335/8/286 336/8/287 334/6/285 333/6/284
f 328/9/279 329/9/279 336/8/287 335/8/286
f 270/5/283 332/5/282 337/3/288 269/3/289
f 269/3/289 337/3/288 330/4/278 271/4/277
f 274/6/290 339/6/290 338/1/291 273/1/291
f 276/7/292 341/7/292 340/5/293 275/5/293
f 273/1/291 338/1/291 342/2/294 277/2/294
f 279/8/295 343/8/295 339/6/290 274/6/290
f 281/9/296 344/9/296 343/8/295 279/8/295
f 282/4/297 345/4/297 344/9/296 281/9/296
f 283/3/298 346/3/298 345/4/297 282/4/297
f 275/5/293 340/5/293 346/3/298 283/3/298
f 286/4/299 348/4/299 347/9/300 285/9/300
f 287/1/301 349/1/301 341/2/292 276/2/292
f 289/7/302 351/7/302 350/5/303 288/5/303
f 291/6/304 352/6/304 349/1/301 287/1/301
f 293/8/305 353/8/305 352/6/304 291/6/304
f 285/9/300 347/9/300 353/8/305 293/8/305
f 288/5/303 350/5/303 354/3/306 294/3/306
f 294/3/306 354/3/306 348/4/299 286/4/299
f 297/4/307 356/4/307 355/9/308 296/9/308
f 298/1/309 357/1/309 351/2/302 289/2/302
f 300/7/310 359/7/310 358/5/311 299/5/311
f 302/6/312 360/6/312 357/1/309 298/1/309
f 304/8/313 361/8/313 360/6/312 302/6/312
f 296/9/308 355/9/308 361/8/313 304/8/313
f 299/5/311 358/5/311 362/3/314 305/3/314
f 305/3/314 362/3/314 356/4/307 297/4/307
f 308/4/315 364/4/315 363/9/316 307/9/316
f 309/1/317 365/1/317 359/2/310 300/2/310
f 311/7/318 367/7/318 366/5/319 310/5/319
f 313/6/320 368/6/320 365/1/317 309/1/317
f 315/8/321 369/8/321 368/6/320 313/6/320
f 307/9/316 363/9/316 369/8/321 315/8/321
f 310/5/319 366/5/319 370/3/322 316/3/322
f 316/3/322 370/3/322 364/4/315 308/4/315
f 319/4/323 372/4/323 371/9/324 318/9/324
f 320/1/325 373/1/325 367/2/318 311/2/318
f 322/7/326 375/7/326 374/5/327 321/5/327
f 324/6/328 376/6/328 373/1/325 320/1/325
f 326/8/329 377/8/329 376/6/328 324/6/328
f 318/9/324 371/9/324 377/8/329 326/8/329
f 321/5/327 374/5/327 378/3/330 327/3/330
f 327/3/330 378/3/330 372/4/323 319/4/323
f 330/4/331 380/4/331 379/9/332 329/9/332
f 331/1/333 381/1/333 375/2/326 322/2/326
f 277/7/294 342/7/294 382/5/334 332/5/334
f 334/6/335 383/6/335 381/1/333 331/1/333
f 336/8/336 384/8/336 383/6/335 334/6/335
f 329/9/332 379/9/332 384/8/336 336/8/336
f 332/5/334 382/5/334 385/3/337 337/3/337
f 337/3/337 385/3/337 380/4/331 330/4/331
f 339/6/338 387/6/338 386/1/338 338/1/338
f 341/7/338 389/7/338 388/5/338 340/5/338
f 338/1/338 386/1/338 390/2/338 342/2/338
f 343/8/338 391/8/338 387/6/338 339/6/338
f 344/9/338 392/9/338 391/8/338 343/8/338
f 345/4/338 393/4/338 392/9/338 344/9/338
f 346/3/338 394/3/338 393/4/338 345/4/338
f 340/5/338 388/5/338 394/3/338 346/3/338
f 348/4/338 396/4/338 395/9/338 347/9/338
f 349/1/338 397/1/338 389/2/338 341/2/338
f 351/7/338 399/7/338 398/5/338 350/5/338
f 352/6/338 400/6/338 397/1/338 349/1/338
f 353/8/338 401/8/338 400/6/338 352/6/338
f 347/9/338 395/9/338 401/8/338 353/8/338
f 350/5/338 398/5/338 402/3/338 354/3/338
f 354/3/338 402/3/338 396/4/338 348/4/338
f 356/4/338 404/4/338 403/9/338 355/9/338
f 357/1/338 405/1/338 399/2/338 351/2/338
f 359/7/338 407/7/338 406/5/338 358/5/338
f 360/6/338 408/6/338 405/1/338 357/1/338
f 361/8/338 409/8/338 408/6/338 360/6/338
f 355/9/338 403/9/338 409/8/338 361/8/338
f 358/5/338 406/5/338 410/3/338 362/3/338
f 362/3/338 410/3/338 404/4/338 356/4/338
f 364/4/338 412/4/338 411/9/338 363/9/338
f 365/1/338 413/1/338 407/2/338 359/2/338
f 367/7/338 415/7/338 414/5/338 366/5/338
f 368/6/338 416/6/338 413/1/338 365/1/338
f 369/8/338 417/8/338 416/6/338 368/6/338
f 363/9/338 411/9/338 417/8/338 369/8/338
f 366/5/338 414/5/338 418/3/338 370/3/338
f 370/3/338 418/3/338 412/4/338 364/4/338
f 372/4/338 420/4/338 419/9/338 371/9/338
f 373/1/338 421/1/338 415/2/338 367/2/338
f 375/7/338 423/7/338 422/5/338 374/5/338
f 376/6/338 424/6/338 421/1/338 373/1/338
f 377/8/338 425/8/338 424/6/338 376/6/338
f 371/9/338 419/9/338 425/8/338 377/8/338
f 374/5/338 422/5/338 426/3/338 378/3/338
f 378/3/338 426/3/338 420/4/338 372/4/338
f 380/4/338 428/4/338 427/9/338 379/9/338
f 381/1/338 429/1/338 423/2/338 375/2/338
f 342/7/338 390/7/338 430/5/338 382/5/338
f 383/6/338 431/6/338 429/1/338 381/1/338
f 384/8/338 432/8/338 431/6/338 383/6/338
f 379/9/338 427/9/338 432/8/338 384/8/338
f 382/5/338 430/5/338 433/3/338 385/3/338
f 385/3/338 433/3/338 428/4/338 380/4/338
f 387/6/339 435/6/339 434/1/340 386/1/340
f 389/7/341 437/7/341 436/5/342 388/5/342
f 386/1/340 434/1/340 438/2/343 390/2/343
f 391/8/344 439/8/344 435/6/339 387/6/339
f 392/9/345 440/9/345 439/8/344 391/8/344
f 393/4/346 441/4/346 440/9/345 392/9/345
f 394/3/347 442/3/347 441/4/346 393/4/346
f 388/5/342 436/5/342 442/3/347 394/3/347
f 396/4/348 444/4/348 443/9/349 395/9/349
f 397/1/350 445/1/350 437/2/341 389/2/341
f 399/7/351 447/7/351 446/5/352 398/5/352
f 400/6/353 448/6/353 445/1/350 397/1/350
f 401/8/354 449/8/354 448/6/353 400/6/353
f 395/9/349 443/9/349 449/8/354 401/8/354
f 398/5/352 446/5/352 450/3/355 402/3/355
f 402/3/355 450/3/355 444/4/348 396/4/348
f 404/4/356 452/4/356 451/9/357 403/9/357
f 405/1/358 453/1/358 447/2/351 399/2/351
f 407/7/359 455/7/359 454/5/360 406/5/360
f 408/6/361 456/6/361 453/1/358 405/1/358
f 409/8/362 457/8/362 456/6/361 408/6/361
f 403/9/357 451/9/357 457/8/362 409/8/362
f 406/5/360 454/5/360 458/3/363 410/3/363
f 410/3/363 458/3/363 452/4/356 404/4/356
f 412/4/364 460/4/364 459/9/365 411/9/365
f 413/1/366 461/1/366 455/2/359 407/2/359
f 415/7/367 463/7/367 462/5/368 414/5/368
f 416/6/369 464/6/369 461/1/366 413/1/366
f 417/8/370 465/8/370 464/6/369 416/6/369
f 411/9/365 459/9/365 465/8/370 417/8/370
f 414/5/368 462/5/368 466/3/371 418/3/371
f 418/3/371 466/3/371 460/4/364 412/4/364
f 420/4/372 468/4/372 467/9/373 419/9/373
f 421/1/374 469/1/374 463/2/367 415/2/367
f 423/7/375 471/7/375 470/5/376 422/5/376
f 424/6/377 472/6/377 469/1/374 421/1/374
f 425/8/378 473/8/378 472/6/377 424/6/377
f 419/9/373 467/9/373 473/8/378 425/8/378
f 422/5/376 470/5/376 474/3/379 426/3/379
f 426/3/379 474/3/379 468/4/372 420/4/372
f 428/4/380 476/4/380 475/9/381 427/9/381
f 429/1/382 477/1/382 471/2/375 423/2/375
f 390/7/343 438/7/343 478/5/383 430/5/383
f 431/6/384 479/6/384 477/1/382 429/1/382
f 432/8/385 480/8/385 479/6/384 431/6/384
f 427/9/381 475/9/381 480/8/385 432/8/385
f 430/5/383 478/5/383 481/3/386 433/3/386
f 433/3/386 481/3/386 476/4/380 428/4/380
f 435/6/338 482/10/338 434/1/338
f 437/7/338 482/10/338 436/5/338
f 434/1/338 482/10/338 438/2/338
f 439/8/338 482/10/338 435/6/338
f 440/9/338 482/10/338 439/8/338
f 441/4/338 482/10/338 440/9/338
f 442/3/338 482/10/338 441/4/338
f 436/5/338 482/10/338 442/3/338
f 444/4/338 482/11/338 443/9/338
f 445/1/338 482/11/338 437/2/338
f 447/7/338 482/11/338 446/5/338
f 448/6/338 482/11/338 445/1/338
f 449/8/338 482/11/338 448/6/338
f 443/9/338 482/11/338 449/8/338
f 446/5/338 482/11/338 450/3/338
f 450/3/338 482/11/338 444/4/338
f 452/4/338 482/11/338 451/9/338
f 453/1/338 482/11/338 447/2/338
f 455/7/338 482/11/338 454/5/338
f 456/6/338 482/11/338 453/1/338
f 457/8/338 482/11/338 456/6/338
f 451/9/338 482/11/338 457/8/338
f 454/5/338 482/11/338 458/3/338
f 458/3/338 482/11/338 452/4/338
f 460/4/338 482/11/338 459/9/338
f 461/1/338 482/11/338 455/2/338
f 463/7/338 482/11/338 462/5/338
f 464/6/338 482/11/338 461/1/338
f 465/8/338 482/11/338 464/6/338
f 459/9/338 482/11/338 465/8/338
f 462/5/338 482/11/338 466/3/338
f 466/3/338 482/11/338 460/4/338
f 468/4/338 482/11/338 467/9/338
f 469/1/338 482/11/338 463/2/338
f 471/7/338 482/11/338 470/5/338
f 472/6/338 482/11/338 469/1/338
f 473/8/338 482/11/338 472/6/338
f 467/9/338 482/11/338 473/8/338
f 470/5/338 482/11/338 474/3/338
f 474/3/338 482/11/338 468/4/338
f 476/4/338 482/12/338 475/9/338
f 477/1/338 482/12/338 471/2/338
f 438/7/338 482/12/338 478/5/338
f 479/6/338 482/12/338 477/1/338
f 480/8/338 482/12/338 479/6/338
f 475/9/338 482/12/338 480/8/338
f 478/5/338 482/12/338 481/3/338
f 481/3/338 482/12/338 476/4/338
f 1/7/198 248/7/198 245/5/197 2/5/197
f 4/6/188 272/6/188 242/1/196 3/1/196
f 6/9/188 280/9/188 278/8/188 5/8/188
f 9/9/200 10/4/200 251/4/200 284/9/200
f 13/6/200 290/6/200 247/1/199 11/1/199
f 14/8/200 292/8/200 290/6/200 13/6/200
f 9/9/200 284/9/200 292/8/200 14/8/200
f 16/9/192 17/4/192 256/4/192 295/9/192
f 16/9/192 295/9/192 303/8/192 23/8/192
f 30/6/3 312/6/3 257/1/201 27/1/201
f 30/6/3 31/8/3 314/8/3 312/6/3
f 43/7/203 268/7/203 265/5/5 36/5/5
f 37/6/4 323/6/4 262/1/202 35/1/202
f 38/8/4 325/8/4 323/6/4 37/6/4
f 33/9/4 317/9/4 325/8/4 38/8/4
f 45/7/195 243/7/195 270/5/205 44/5/205
f 46/6/6 333/6/6 267/1/204 42/1/204
f 40/9/6 328/9/6 335/8/6 47/8/6
f 483/13/2 556/14/387 520/15/387 519/16/2
f 556/14/387 557/17/388 521/18/388 520/15/387
f 557/17/388 558/19/200 522/20/200 521/18/388
f 558/19/200 559/21/389 523/22/389 522/20/200
f 559/21/389 560/23/390 524/24/390 523/22/389
f 560/23/390 561/25/198 525/26/198 524/24/390
f 561/25/198 562/27/391 526/28/391 525/26/198
f 562/27/391 563/29/392 527/30/392 526/28/391
f 563/29/392 564/31/188 528/32/188 527/30/392
f 564/33/188 565/34/393 529/35/393 528/36/188
f 565/34/393 566/37/394 530/38/394 529/35/393
f 566/37/394 567/39/195 531/40/195 530/38/394
f 567/39/195 568/41/395 532/42/395 531/40/195
f 568/41/395 569/43/396 533/44/396 532/42/395
f 569/43/396 570/45/6 534/46/6 533/44/396
f 570/45/6 571/47/397 535/48/397 534/46/6
f 571/47/397 572/49/398 536/50/398 535/48/397
f 572/49/398 573/51/203 537/52/203 536/50/398
f 573/51/203 574/53/399 538/54/399 537/52/203
f 574/53/399 575/55/400 539/56/400 538/54/399
f 575/55/400 576/57/4 540/58/4 539/56/400
f 576/57/4 577/59/401 541/60/401 540/58/4
f 577/59/401 578/61/402 542/62/402 541/60/401
f 578/61/402 579/63/193 543/64/193 542/62/402
f 579/63/193 580/65/403 544/66/403 543/64/193
f 580/65/403 581/67/404 545/68/404 544/66/403
f 581/67/404 582/69/3 546/70/3 545/68/404
f 582/69/3 583/71/405 547/72/405 546/70/3
f 583/71/405 584/73/406 548/74/406 547/72/405
f 584/73/406 585/75/190 549/76/190 548/74/406
f 585/75/190 586/77/407 550/78/407 549/76/190
f 586/77/407 587/79/408 551/80/408 550/78/407
f 587/79/408 588/81/192 552/82/192 551/80/408
f 588/81/192 589/83/409 553/84/409 552/82/192
f 589/83/409 518/85/410 554/86/410 553/84/409
f 518/85/410 483/13/2 519/16/2 554/86/410
f 484/87/411 556/14/411 483/13/412 555/88/412
f 485/89/413 557/17/413 556/14/411 484/87/411
f 486/90/414 558/19/414 557/17/413 485/89/413
f 487/91/415 559/21/415 558/19/414 486/90/414
f 488/92/416 560/23/416 559/21/415 487/91/415
f 489/93/417 561/25/417 560/23/416 488/92/416
f 490/94/418 562/27/418 561/25/417 489/93/417
f 491/95/419 563/29/419 562/27/418 490/94/418
f 492/96/420 564/31/420 563/29/419 491/95/419
f 493/97/421 565/34/421 564/33/420 492/98/420
f 494/99/422 566/37/422 565/34/421 493/100/421
f 495/101/423 567/39/423 566/37/422 494/102/422
f 496/103/424 568/41/424 567/39/423 495/104/423
f 497/105/425 569/43/425 568/41/424 496/106/424
f 498/107/426 570/45/426 569/43/425 497/108/425
f 499/109/427 571/47/427 570/45/426 498/110/426
f 500/111/428 572/49/428 571/47/427 499/112/427
f 501/113/429 573/51/429 572/49/428 500/114/428
f 502/115/430 574/53/430 573/51/429 501/116/429
f 503/117/431 575/55/431 574/53/430 502/118/430
f 504/119/432 576/57/432 575/55/431 503/120/431
f 505/121/433 577/59/433 576/57/432 504/122/432
f 506/123/434 578/61/434 577/59/433 505/124/433
f 507/125/435 579/63/435 578/61/434 506/126/434
f 508/127/436 580/65/436 579/63/435 507/128/435
f 509/129/437 581/67/437 580/65/436 508/130/436
f 510/131/438 582/69/438 581/67/437 509/132/437
f 511/133/439 583/71/439 582/69/438 510/134/438
f 512/135/440 584/73/440 583/71/439 511/136/439
f 513/137/441 585/75/441 584/73/440 512/138/440
f 514/139/442 586/77/442 585/75/441 513/140/441
f 515/141/443 587/79/443 586/77/442 514/142/442
f 516/143/444 588/81/444 587/79/443 515/144/443
f 517/145/445 589/83/445 588/81/444 516/146/444
f 590/147/446 518/85/446 589/83/445 517/148/445
f 555/149/412 483/13/412 518/85/446 590/150/446
f 520/15/447 592/151/447 591/152/448 519/16/448
f 521/18/449 593/153/449 592/151/447 520/15/447
f 522/20/450 594/154/450 593/153/449 521/18/449
f 523/22/451 595/155/451 594/154/450 522/20/450
f 524/24/452 596/156/452 595/155/451 523/22/451
f 525/26/453 597/157/453 596/156/452 524/24/452
f 526/28/454 598/158/454 597/157/453 525/26/453
f 527/30/455 599/159/455 598/158/454 526/28/454
f 528/32/456 600/160/456 599/159/455 527/30/455
f 529/161/457 601/162/457 600/160/456 528/163/456
f 530/164/458 602/165/458 601/162/457 529/166/457
f 531/167/459 603/168/459 602/165/458 530/169/458
f 532/170/460 604/171/460 603/168/459 531/172/459
f 533/173/461 605/174/461 604/171/460 532/175/460
f 534/176/462 606/177/462 605/174/461 533/178/461
f 535/179/463 607/180/463 606/177/462 534/181/462
f 536/182/464 608/183/464 607/180/463 535/184/463
f 537/185/465 609/186/465 608/183/464 536/187/464
f 538/188/466 610/189/466 609/186/465 537/190/465
f 539/191/467 611/192/467 610/189/466 538/193/466
f 540/194/468 612/195/468 611/192/467 539/196/467
f 541/197/469 613/198/469 612/195/468 540/199/468
f 542/200/470 614/201/470 613/198/469 541/202/469
f 543/203/471 615/204/471 614/201/470 542/205/470
f 544/206/472 616/207/472 615/204/471 543/208/471
f 545/209/473 617/210/473 616/207/472 544/211/472
f 546/212/474 618/213/474 617/210/473 545/214/473
f 547/215/475 619/216/475 618/213/474 546/217/474
f 548/218/476 620/219/476 619/216/475 547/220/475
f 549/221/477 621/222/477 620/219/476 548/223/476
f 550/224/478 622/225/478 621/222/477 549/226/477
f 551/227/479 623/228/479 622/225/478 550/229/478
f 552/230/480 624/231/480 623/228/479 551/232/479
f 553/233/481 625/234/481 624/231/480 552/235/480
f 554/236/482 626/237/482 625/234/481 553/238/481
f 519/16/448 591/152/448 626/237/482 554/86/482
f 484/87/338 555/88/338 627/239/338
f 555/88/338 590/240/338 627/239/338
f 590/240/338 517/241/338 627/239/338
f 517/241/338 516/242/338 627/239/338
f 516/242/338 515/243/338 627/239/338
f 515/243/338 514/244/338 627/239/338
f 514/244/338 513/245/338 627/239/338
f 513/245/338 512/246/338 627/239/338
f 512/246/338 511/247/338 627/239/338
f 511/247/338 510/248/338 627/239/338
f 510/248/338 509/249/338 627/239/338
f 509/249/338 508/250/338 627/239/338
f 508/250/338 507/251/338 627/239/338
f 507/251/338 506/252/338 627/239/338
f 506/252/338 505/253/338 627/239/338
f 505/253/338 504/254/338 627/239/338
f 504/254/338 503/255/338 627/239/338
f 503/255/338 502/256/338 627/239/338
f 502/256/338 501/257/338 627/239/338
f 501/257/338 500/258/338 627/239/338
f 500/258/338 499/259/338 627/239/338
f 499/259/338 498/260/338 627/239/338
f 498/260/338 497/261/338 627/239/338
f 497/261/338 496/262/338 627/239/338
f 496/262/338 495/263/338 627/239/338
f 495/263/338 494/264/338 627/239/338
f 494/264/338 493/265/338 627/239/338
f 493/265/338 492/96/338 627/239/338
f 492/96/338 491/95/338 627/239/338
f 491/95/338 490/94/338 627/239/338
f 490/94/338 489/93/338 627/239/338
f 489/93/338 488/92/338 627/239/338
f 488/92/338 487/91/338 627/239/338
f 487/91/338 486/90/338 627/239/338
f 486/90/338 485/89/338 627/239/338
f 485/89/338 484/87/338 627/239/338
f 591/152/139 592/151/139 628/266/139
f 592/151/139 593/153/139 628/266/139
f 593/153/139 594/154/139 628/266/139
f 594/154/139 595/155/139 628/266/139
f 595/155/139 596/156/139 628/266/139
f 596/156/139 597/157/139 628/266/139
f 597/157/139 598/158/139 628/266/139
f 598/158/139 599/159/139 628/266/139
f 599/159/139 600/160/139 628/266/139
f 600/160/139 601/162/139 628/266/139
f 601/162/139 602/165/139 628/266/139
f 602/165/139 603/168/139 628/266/139
f 603/168/139 604/171/139 628/266/139
f 604/171/139 605/174/139 628/266/139
f 605/174/139 606/177/139 628/266/139
f 606/177/139 607/180/139 628/266/139
f 607/180/139 608/183/139 628/266/139
f 608/183/139 609/186/139 628/266/139
f 609/186/139 610/189/139 628/266/139
f 610/189/139 611/192/139 628/266/139
f 611/192/139 612/195/139 628/266/139
f 612/195/139 613/198/139 628/266/139
f 613/198/139 614/201/139 628/266/139
f 614/201/139 615/204/139 628/266/139
f 615/204/139 616/207/139 628/266/139
f 616/207/139 617/210/139 628/266/139
f 617/210/139 618/213/139 628/266/139
f 618/213/139 619/216/139 628/266/139
f 619/216/139 620/219/139 628/266/139
f 620/219/139 621/222/139 628/266/139
f 621/222/139 622/225/139 628/266/139
f 622/225/139 623/228/139 628/266/139
f 623/228/139 624/231/139 628/266/139
f 624/231/139 625/234/139 628/266/139
f 625/234/139 626/237/139 628/266/139
f 626/237/139 591/152/139 628/266/139
f 952/267/483 630/268/484 629/269/485 950/270/486
f 630/268/484 951/271/487 949/272/488 629/269/485
f 979/273/489 644/274/490 629/269/485 949/272/488
f 644/274/490 980/275/491 950/270/486 629/269/485
f 954/276/492 631/277/493 630/268/484 952/267/483
f 631/278/493 953/279/494 951/280/487 630/281/484
f 956/282/495 632/283/496 631/278/493 954/284/492
f 632/283/496 955/285/497 953/279/494 631/278/493
f 958/286/498 633/287/499 632/283/496 956/282/495
f 633/287/499 957/288/500 955/285/497 632/283/496
f 960/289/501 634/290/502 633/287/499 958/286/498
f 634/290/502 959/291/503 957/288/500 633/287/499
f 962/292/504 635/293/505 634/290/502 960/289/501
f 635/294/505 961/295/506 959/296/503 634/297/502
f 964/298/507 636/299/508 635/294/505 962/300/504
f 636/299/508 963/301/509 961/295/506 635/294/505
f 966/302/510 637/303/511 636/299/508 964/298/507
f 637/303/511 965/304/512 963/301/509 636/299/508
f 968/305/513 638/306/514 637/303/511 966/302/510
f 638/306/514 967/307/515 965/304/512 637/303/511
f 970/308/516 639/309/517 638/310/514 968/311/513
f 639/312/517 969/313/518 967/307/515 638/306/514
f 972/314/519 640/315/520 639/309/517 970/308/516
f 640/315/520 971/316/521 969/317/518 639/309/517
f 974/318/522 641/319/523 640/315/520 972/314/519
f 641/319/523 973/320/524 971/316/521 640/315/520
f 976/321/525 642/322/526 641/319/523 974/318/522
f 642/322/526 975/323/527 973/320/524 641/319/523
f 978/324/528 643/325/529 642/326/526 976/327/525
f 643/328/529 977/329/530 975/323/527 642/322/526
f 980/275/491 644/274/490 643/325/529 978/324/528
f 644/274/490 979/273/489 977/330/530 643/325/529
f 994/331/483 651/332/484 645/333/485 982/334/486
f 651/332/484 993/335/487 981/336/488 645/333/485
f 1161/337/489 735/338/490 645/333/485 981/336/488
f 735/338/490 1162/339/491 982/334/486 645/333/485
f 996/340/483 652/341/484 646/342/485 984/343/486
f 652/341/484 995/344/487 983/345/488 646/342/485
f 1163/346/489 736/347/490 646/342/485 983/345/488
f 736/347/490 1164/348/491 984/343/486 646/342/485
f 998/349/483 653/350/484 647/351/485 986/352/486
f 653/350/484 997/353/531 985/354/532 647/351/485
f 1165/355/533 737/356/490 647/351/485 985/354/532
f 737/356/490 1166/357/491 986/352/486 647/351/485
f 1000/358/534 654/359/484 648/360/485 988/361/535
f 654/359/484 999/362/487 987/363/488 648/360/485
f 1167/364/489 738/365/490 648/360/485 987/363/488
f 738/365/490 1168/366/536 988/361/535 648/360/485
f 1002/367/483 655/368/484 649/369/485 990/370/486
f 655/368/484 1001/371/487 989/372/488 649/369/485
f 1169/373/489 739/374/490 649/369/485 989/372/488
f 739/374/490 1170/375/491 990/370/486 649/369/485
f 1172/376/533 740/377/537 650/378/538 992/379/532
f 740/377/537 1171/380/539 991/381/540 650/378/538
f 1003/382/541 656/383/542 650/378/538 991/381/540
f 656/383/542 1004/384/531 992/379/532 650/378/538
f 1006/385/492 657/386/493 651/332/484 994/331/483
f 657/387/493 1005/388/494 993/389/487 651/390/484
f 1008/391/492 658/392/493 652/341/484 996/340/483
f 658/393/493 1007/394/494 995/395/487 652/396/484
f 1010/397/492 659/398/493 653/350/484 998/349/483
f 659/399/493 1009/400/543 997/401/531 653/402/484
f 1012/403/544 660/404/493 654/359/484 1000/358/534
f 660/405/493 1011/406/494 999/407/487 654/408/484
f 1014/409/492 661/410/493 655/368/484 1002/367/483
f 661/411/493 1013/412/494 1001/413/487 655/414/484
f 1015/415/545 662/416/546 656/417/542 1003/418/541
f 662/416/546 1016/419/547 1004/420/531 656/417/542
f 1018/421/495 663/422/496 657/387/493 1006/423/492
f 663/422/496 1017/424/497 1005/388/494 657/387/493
f 1020/425/495 664/426/496 658/393/493 1008/427/492
f 664/426/496 1019/428/497 1007/394/494 658/393/493
f 1022/429/495 665/430/496 659/399/493 1010/431/492
f 665/430/496 1021/432/548 1009/400/543 659/399/493
f 1024/433/549 666/434/496 660/405/493 1012/435/544
f 666/434/496 1023/436/497 1011/406/494 660/405/493
f 1026/437/495 667/438/496 661/411/493 1014/439/492
f 667/438/496 1025/440/497 1013/412/494 661/411/493
f 1027/441/550 668/442/551 662/416/546 1015/415/545
f 668/442/551 1028/443/548 1016/419/547 662/416/546
f 1030/444/498 669/445/499 663/422/496 1018/421/495
f 669/445/499 1029/446/500 1017/424/497 663/422/496
f 1032/447/498 670/448/499 664/426/496 1020/425/495
f 670/448/499 1031/449/500 1019/428/497 664/426/496
f 1034/450/498 671/451/499 665/430/496 1022/429/495
f 671/451/499 1033/452/552 1021/432/548 665/430/496
f 1036/453/553 672/454/499 666/434/496 1024/433/549
f 672/454/499 1035/455/500 1023/436/497 666/434/496
f 1038/456/498 673/457/499 667/438/496 1026/437/495
f 673/457/499 1037/458/500 1025/440/497 667/438/496
f 1039/459/554 674/460/555 668/442/551 1027/441/550
f 674/460/555 1040/461/552 1028/443/548 668/442/551
f 1042/462/501 675/463/502 669/445/499 1030/444/498
f 675/463/502 1041/464/503 1029/446/500 669/445/499
f 1044/465/501 676/466/502 670/448/499 1032/447/498
f 676/466/502 1043/467/503 1031/449/500 670/448/499
f 1046/468/501 677/469/502 671/451/499 1034/450/498
f 677/469/502 1045/470/556 1033/452/552 671/451/499
f 1048/471/557 678/472/502 672/454/499 1036/453/553
f 678/472/502 1047/473/503 1035/455/500 672/454/499
f 1050/474/501 679/475/502 673/457/499 1038/456/498
f 679/475/502 1049/476/503 1037/458/500 673/457/499
f 1051/477/558 680/478/559 674/460/555 1039/459/554
f 680/478/559 1052/479/556 1040/461/552 674/460/555
f 1054/480/504 681/481/505 675/463/502 1042/462/501
f 681/482/505 1053/483/506 1041/484/503 675/485/502
f 1056/486/504 682/487/505 676/466/502 1044/465/501
f 682/488/505 1055/489/506 1043/490/503 676/491/502
f 1058/492/504 683/493/505 677/469/502 1046/468/501
f 683/494/505 1057/495/560 1045/496/556 677/497/502
f 1060/498/561 684/499/505 678/472/502 1048/471/557
f 684/500/505 1059/501/506 1047/502/503 678/503/502
f 1062/504/504 685/505/505 679/475/502 1050/474/501
f 685/506/505 1061/507/506 1049/508/503 679/509/502
f 1063/510/562 686/511/563 680/478/559 1051/477/558
f 686/512/563 1064/513/564 1052/514/556 680/515/559
f 1066/516/507 687/517/508 681/482/505 1054/518/504
f 687/517/508 1065/519/509 1053/483/506 681/482/505
f 1068/520/507 688/521/508 682/488/505 1056/522/504
f 688/521/508 1067/523/509 1055/489/506 682/488/505
f 1070/524/507 689/525/508 683/494/505 1058/526/504
f 689/525/508 1069/527/565 1057/495/560 683/494/505
f 1072/528/566 690/529/508 684/500/505 1060/530/561
f 690/529/508 1071/531/509 1059/501/506 684/500/505
f 1074/532/507 691/533/508 685/506/505 1062/534/504
f 691/533/508 1073/535/509 1061/507/506 685/506/505
f 1075/536/567 692/537/568 686/512/563 1063/538/562
f 692/537/568 1076/539/565 1064/513/564 686/512/563
f 1078/540/510 693/541/511 687/517/508 1066/516/507
f 693/541/511 1077/542/512 1065/519/509 687/517/508
f 1080/543/510 694/544/511 688/521/508 1068/520/507
f 694/544/511 1079/545/512 1067/523/509 688/521/508
f 1082/546/510 695/547/511 689/525/508 1070/524/507
f 695/547/511 1081/548/569 1069/527/565 689/525/508
f 1084/549/570 696/550/511 690/529/508 1072/528/566
f 696/550/511 1083/551/512 1071/531/509 690/529/508
f 1086/552/510 697/553/511 691/533/508 1074/532/507
f 697/553/511 1085/554/512 1073/535/509 691/533/508
f 1087/555/571 698/556/572 692/537/568 1075/536/567
f 698/556/572 1088/557/569 1076/539/565 692/537/568
f 1090/558/513 699/559/514 693/541/511 1078/540/510
f 699/559/514 1089/560/515 1077/542/512 693/541/511
f 1092/561/513 700/562/514 694/544/511 1080/543/510
f 700/562/514 1091/563/515 1079/545/512 694/544/511
f 1094/564/513 701/565/514 695/547/511 1082/546/510
f 701/565/514 1093/566/573 1081/548/569 695/547/511
f 1096/567/574 702/568/514 696/550/511 1084/549/570
f 702/568/514 1095/569/515 1083/551/512 696/550/511
f 1098/570/513 703/571/514 697/553/511 1086/552/510
f 703/571/514 1097/572/515 1085/554/512 697/553/511
f 1099/573/575 704/574/576 698/556/572 1087/555/571
f 704/574/576 1100/575/577 1088/557/569 698/556/572
f 1102/576/516 705/577/517 699/578/514 1090/579/513
f 705/580/517 1101/581/518 1089/560/515 699/559/514
f 1104/582/516 706/583/517 700/584/514 1092/585/513
f 706/586/517 1103/587/518 1091/563/515 700/562/514
f 1106/588/516 707/589/517 701/590/514 1094/591/513
f 707/592/517 1105/593/578 1093/566/573 701/565/514
f 1108/594/579 708/595/517 702/596/514 1096/597/574
f 708/598/517 1107/599/518 1095/569/515 702/568/514
f 1110/600/516 709/601/517 703/602/514 1098/603/513
f 709/604/517 1109/605/518 1097/572/515 703/571/514
f 1111/606/580 710/607/581 704/608/576 1099/609/575
f 710/610/581 1112/611/578 1100/575/577 704/574/576
f 1114/612/519 711/613/520 705/577/517 1102/576/516
f 711/613/520 1113/614/521 1101/615/518 705/577/517
f 1116/616/519 712/617/520 706/583/517 1104/582/516
f 712/617/520 1115/618/521 1103/619/518 706/583/517
f 1118/620/519 713/621/520 707/589/517 1106/588/516
f 713/621/520 1117/622/582 1105/623/578 707/589/517
f 1120/624/583 714/625/520 708/595/517 1108/594/579
f 714/625/520 1119/626/521 1107/627/518 708/595/517
f 1122/628/519 715/629/520 709/601/517 1110/600/516
f 715/629/520 1121/630/521 1109/631/518 709/601/517
f 1123/632/584 716/633/585 710/607/581 1111/606/580
f 716/633/585 1124/634/582 1112/635/578 710/607/581
f 1126/636/522 717/637/523 711/613/520 1114/612/519
f 717/637/523 1125/638/524 1113/614/521 711/613/520
f 1128/639/522 718/640/523 712/617/520 1116/616/519
f 718/640/523 1127/641/524 1115/618/521 712/617/520
f 1130/642/522 719/643/523 713/621/520 1118/620/519
f 719/643/523 1129/644/586 1117/622/582 713/621/520
f 1132/645/587 720/646/523 714/625/520 1120/624/583
f 720/646/523 1131/647/524 1119/626/521 714/625/520
f 1134/648/522 721/649/523 715/629/520 1122/628/519
f 721/649/523 1133/650/524 1121/630/521 715/629/520
f 1135/651/588 722/652/589 716/633/585 1123/632/584
f 722/652/589 1136/653/586 1124/634/582 716/633/585
f 1138/654/525 723/655/526 717/637/523 1126/636/522
f 723/655/526 1137/656/527 1125/638/524 717/637/523
f 1140/657/525 724/658/526 718/640/523 1128/639/522
f 724/658/526 1139/659/527 1127/641/524 718/640/523
f 1142/660/525 725/661/526 719/643/523 1130/642/522
f 725/661/526 1141/662/590 1129/644/586 719/643/523
f 1144/663/591 726/664/526 720/646/523 1132/645/587
f 726/664/526 1143/665/527 1131/647/524 720/646/523
f 1146/666/525 727/667/526 721/649/523 1134/648/522
f 727/667/526 1145/668/527 1133/650/524 721/649/523
f 1147/669/592 728/670/593 722/652/589 1135/651/588
f 728/670/593 1148/671/590 1136/653/586 722/652/589
f 1150/672/528 729/673/529 723/674/526 1138/675/525
f 729/676/529 1149/677/530 1137/656/527 723/655/526
f 1152/678/528 730/679/529 724/680/526 1140/681/525
f 730/682/529 1151/683/530 1139/659/527 724/658/526
f 1154/684/528 731/685/529 725/686/526 1142/687/525
f 731/688/529 1153/689/594 1141/662/590 725/661/526
f 1156/690/595 732/691/529 726/692/526 1144/693/591
f 732/694/529 1155/695/530 1143/665/527 726/664/526
f 1158/696/528 733/697/529 727/698/526 1146/699/525
f 733/700/529 1157/701/530 1145/668/527 727/667/526
f 1159/702/596 734/703/597 728/670/593 1147/669/592
f 734/703/597 1160/704/594 1148/671/590 728/670/593
f 1162/339/491 735/338/490 729/673/529 1150/672/528
f 735/338/490 1161/337/489 1149/705/530 729/673/529
f 1164/348/491 736/347/490 730/679/529 1152/678/528
f 736/347/490 1163/346/489 1151/706/530 730/679/529
f 1166/357/491 737/356/490 731/685/529 1154/684/528
f 737/356/490 1165/355/533 1153/707/594 731/685/529
f 1168/366/536 738/365/490 732/691/529 1156/690/595
f 738/365/490 1167/364/489 1155/708/530 732/691/529
f 1170/375/491 739/374/490 733/697/529 1158/696/528
f 739/374/490 1169/373/489 1157/709/530 733/697/529
f 1171/380/539 740/377/537 734/710/597 1159/711/596
f 740/377/537 1172/376/533 1160/712/594 734/710/597
f 951/713/487 835/714/598 827/715/599 949/716/488
f 949/716/488 827/715/599 947/717/600 979/718/489
f 980/275/491 948/719/601 828/720/602 950/270/486
f 950/270/486 828/720/602 836/721/603 952/267/483
f 953/722/494 843/723/604 835/714/598 951/713/487
f 952/724/483 836/725/603 844/726/605 954/727/492
f 955/728/497 851/729/606 843/723/604 953/722/494
f 954/727/492 844/726/605 852/730/607 956/731/495
f 957/732/500 859/733/608 851/729/606 955/728/497
f 956/731/495 852/730/607 860/734/609 958/735/498
f 959/736/503 867/737/610 859/733/608 957/732/500
f 958/735/498 860/734/609 868/738/611 960/739/501
f 961/740/506 875/741/612 867/737/610 959/736/503
f 960/739/501 868/738/611 876/742/613 962/743/504
f 963/301/509 883/744/614 875/745/612 961/295/506
f 962/743/504 876/742/613 884/746/615 964/747/507
f 965/304/512 891/748/616 883/744/614 963/301/509
f 964/747/507 884/746/615 892/749/617 966/750/510
f 967/307/515 899/751/618 891/748/616 965/304/512
f 966/750/510 892/749/617 900/752/619 968/753/513
f 969/754/518 907/755/620 899/756/618 967/757/515
f 968/753/513 900/752/619 908/758/621 970/759/516
f 971/760/521 915/761/622 907/755/620 969/754/518
f 970/759/516 908/758/621 916/762/623 972/763/519
f 973/764/524 923/765/624 915/761/622 971/760/521
f 972/763/519 916/762/623 924/766/625 974/767/522
f 975/768/527 931/769/626 923/765/624 973/764/524
f 974/767/522 924/766/625 932/770/627 976/771/525
f 977/772/530 939/773/628 931/769/626 975/768/527
f 976/771/525 932/770/627 940/774/629 978/775/528
f 979/718/489 947/717/600 939/773/628 977/772/530
f 978/324/528 940/776/629 948/719/601 980/275/491
f 816/777/630 941/778/631 821/779/632 741/780/633
f 741/781/633 821/782/632 829/725/634 746/783/635
f 1174/784/636 829/714/637 821/715/638 742/785/639
f 742/785/639 821/715/638 941/717/640 817/786/641
f 1178/787/642 942/788/643 822/789/644 1176/790/645
f 1176/791/645 822/782/644 830/725/646 747/783/647
f 993/713/487 830/714/598 822/715/599 981/716/488
f 981/716/488 822/715/599 942/717/600 1161/718/489
f 1162/339/491 943/792/601 823/793/602 982/334/486
f 982/334/486 823/793/602 831/794/603 994/331/483
f 995/713/487 831/714/598 823/715/599 983/716/488
f 983/716/488 823/715/599 943/717/600 1163/718/489
f 1164/348/491 944/795/601 824/796/602 984/343/486
f 984/343/486 824/796/602 832/797/603 996/340/483
f 997/713/531 748/798/648 743/785/649 985/716/532
f 748/798/648 832/714/650 824/715/651 743/785/649
f 743/785/649 824/715/651 944/717/652 818/786/653
f 818/786/653 1165/718/533 985/716/532 743/785/649
f 1166/357/491 945/799/601 825/800/602 986/352/486
f 986/352/486 825/800/602 833/801/603 998/349/483
f 999/713/487 833/714/598 825/715/599 987/716/488
f 987/716/488 825/715/599 945/717/600 1167/718/489
f 1168/366/536 819/802/654 744/803/655 988/361/535
f 819/802/654 946/804/631 826/805/632 744/803/655
f 744/791/655 826/782/632 834/725/634 749/783/656
f 749/806/656 1000/358/534 988/361/535 744/803/655
f 1001/713/487 834/714/598 826/715/599 989/716/488
f 989/716/488 826/715/599 946/717/600 1169/718/489
f 1170/375/491 947/807/601 827/808/602 990/370/486
f 990/370/486 827/808/602 835/809/603 1002/367/483
f 1004/713/531 750/798/648 745/785/649 992/716/532
f 750/798/648 836/714/650 828/715/651 745/785/649
f 745/785/649 828/715/651 948/717/652 820/810/653
f 820/810/653 1172/718/533 992/716/532 745/785/649
f 746/783/635 829/725/634 837/811/657 751/812/658
f 1180/813/659 837/814/660 829/714/637 1174/784/636
f 747/783/647 830/725/646 838/726/661 752/812/662
f 1005/722/494 838/723/604 830/714/598 993/713/487
f 994/724/483 831/725/603 839/726/605 1006/727/492
f 1007/722/494 839/723/604 831/714/598 995/713/487
f 996/724/483 832/725/603 840/726/605 1008/727/492
f 1009/722/543 753/813/663 748/798/648 997/713/531
f 753/813/663 840/723/664 832/714/650 748/798/648
f 998/724/483 833/725/603 841/811/605 1010/727/492
f 1011/722/494 841/814/604 833/714/598 999/713/487
f 749/783/656 834/725/634 842/726/657 754/812/665
f 754/812/665 1012/727/544 1000/724/534 749/783/656
f 1013/722/494 842/723/604 834/714/598 1001/713/487
f 1002/724/483 835/725/603 843/726/605 1014/727/492
f 1016/722/547 755/813/663 750/798/648 1004/713/531
f 755/813/663 844/723/664 836/714/650 750/798/648
f 751/812/658 837/811/657 845/730/666 756/815/667
f 1182/816/668 845/729/669 837/814/660 1180/813/659
f 752/812/662 838/726/661 846/730/670 757/815/671
f 1017/817/497 846/729/606 838/723/604 1005/722/494
f 1006/727/492 839/726/605 847/730/607 1018/731/495
f 1019/817/497 847/729/606 839/723/604 1007/722/494
f 1008/727/492 840/726/605 848/730/607 1020/731/495
f 1021/817/548 758/816/672 753/813/663 1009/722/543
f 758/816/672 848/729/673 840/723/664 753/813/663
f 1010/727/492 841/811/605 849/730/607 1022/731/495
f 1023/728/497 849/729/606 841/814/604 1011/722/494
f 754/812/665 842/726/657 850/730/666 759/815/674
f 759/815/674 1024/731/549 1012/727/544 754/812/665
f 1025/728/497 850/729/606 842/723/604 1013/722/494
f 1014/727/492 843/726/605 851/730/607 1026/731/495
f 1028/728/548 760/816/672 755/813/663 1016/722/547
f 760/816/672 852/729/673 844/723/664 755/813/663
f 756/815/667 845/730/666 853/734/675 761/818/676
f 1184/819/677 853/733/678 845/729/669 1182/816/668
f 757/815/671 846/730/670 854/734/679 762/818/680
f 1029/732/500 854/733/608 846/729/606 1017/817/497
f 1018/731/495 847/730/607 855/734/609 1030/735/498
f 1031/732/500 855/733/608 847/729/606 1019/817/497
f 1020/731/495 848/730/607 856/734/609 1032/735/498
f 1033/452/552 763/820/681 758/821/672 1021/432/548
f 763/819/681 856/733/682 848/729/673 758/816/672
f 1022/731/495 849/730/607 857/734/609 1034/735/498
f 1035/732/500 857/733/608 849/729/606 1023/728/497
f 759/815/674 850/730/666 858/734/675 764/822/683
f 764/823/683 1036/453/553 1024/433/549 759/824/674
f 1037/732/500 858/733/608 850/729/606 1025/728/497
f 1026/731/495 851/730/607 859/734/609 1038/735/498
f 1040/461/552 765/825/681 760/826/672 1028/443/548
f 765/827/681 860/733/682 852/729/673 760/816/672
f 761/818/676 853/734/675 861/828/684 766/829/685
f 1186/830/686 861/831/687 853/733/678 1184/819/677
f 762/818/680 854/734/679 862/828/688 767/829/689
f 1041/736/503 862/831/610 854/733/608 1029/732/500
f 1030/735/498 855/734/609 863/828/611 1042/739/501
f 1043/736/503 863/831/610 855/733/608 1031/732/500
f 1032/735/498 856/734/609 864/828/611 1044/739/501
f 1045/736/556 768/830/690 763/819/681 1033/732/552
f 768/830/690 864/831/691 856/733/682 763/819/681
f 1034/735/498 857/734/609 865/738/611 1046/739/501
f 1047/736/503 865/737/610 857/733/608 1035/732/500
f 764/822/683 858/734/675 866/828/684 769/829/692
f 769/829/692 1048/739/557 1036/735/553 764/822/683
f 1049/736/503 866/831/610 858/733/608 1037/732/500
f 1038/735/498 859/734/609 867/738/611 1050/739/501
f 1052/736/556 770/830/690 765/827/681 1040/732/552
f 770/830/690 868/737/691 860/733/682 765/827/681
f 766/829/685 861/828/684 869/742/693 771/832/694
f 1188/833/695 869/741/696 861/831/687 1186/830/686
f 767/829/689 862/828/688 870/742/697 772/832/698
f 1053/740/506 870/741/612 862/831/610 1041/736/503
f 1042/739/501 863/828/611 871/742/613 1054/743/504
f 1055/740/506 871/741/612 863/831/610 1043/736/503
f 1044/739/501 864/828/611 872/742/613 1056/743/504
f 1057/740/560 773/833/699 768/830/690 1045/736/556
f 773/833/699 872/741/700 864/831/691 768/830/690
f 1046/739/501 865/738/611 873/742/613 1058/743/504
f 1059/740/506 873/741/612 865/737/610 1047/736/503
f 769/829/692 866/828/684 874/742/693 774/832/701
f 774/832/701 1060/743/561 1048/739/557 769/829/692
f 1061/740/506 874/741/612 866/831/610 1049/736/503
f 1050/739/501 867/738/611 875/742/613 1062/743/504
f 1064/740/564 775/834/699 770/830/690 1052/736/556
f 775/834/699 876/741/700 868/737/691 770/830/690
f 771/832/694 869/742/693 877/746/702 776/835/703
f 1190/836/704 877/837/705 869/741/696 1188/833/695
f 772/832/698 870/742/697 878/746/706 777/835/707
f 1065/519/509 878/838/614 870/839/612 1053/483/506
f 1054/743/504 871/742/613 879/746/615 1066/747/507
f 1067/523/509 879/840/614 871/841/612 1055/489/506
f 1056/743/504 872/742/613 880/746/615 1068/747/507
f 1069/527/565 778/842/708 773/843/699 1057/495/560
f 778/836/708 880/844/709 872/741/700 773/833/699
f 1058/743/504 873/742/613 881/746/615 1070/747/507
f 1071/531/509 881/845/614 873/846/612 1059/501/506
f 774/832/701 874/742/693 882/746/702 779/835/710
f 779/835/710 1072/747/566 1060/743/561 774/832/701
f 1073/535/509 882/847/614 874/848/612 1061/507/506
f 1062/743/504 875/742/613 883/746/615 1074/747/507
f 1076/539/565 780/849/711 775/850/699 1064/513/564
f 780/836/711 884/837/709 876/741/700 775/834/699
f 776/835/703 877/746/702 885/749/712 781/851/713
f 1192/852/714 885/853/715 877/854/705 1190/855/704
f 777/835/707 878/746/706 886/749/716 782/851/717
f 1077/542/512 886/856/616 878/838/614 1065/519/509
f 1066/747/507 879/746/615 887/749/617 1078/750/510
f 1079/545/512 887/857/616 879/840/614 1067/523/509
f 1068/747/507 880/746/615 888/749/617 1080/750/510
f 1081/548/569 783/858/718 778/842/708 1069/527/565
f 783/858/718 888/859/719 880/860/709 778/842/708
f 1070/747/507 881/746/615 889/749/617 1082/750/510
f 1083/551/512 889/861/616 881/845/614 1071/531/509
f 779/835/710 882/746/702 890/749/712 784/851/720
f 784/851/720 1084/750/570 1072/747/566 779/835/710
f 1085/554/512 890/862/616 882/847/614 1073/535/509
f 1074/747/507 883/746/615 891/749/617 1086/750/510
f 1088/557/569 785/863/721 780/849/711 1076/539/565
f 785/863/721 892/864/719 884/865/709 780/849/711
f 781/851/713 885/749/712 893/752/722 786/866/723
f 1194/867/724 893/756/725 885/868/715 1192/869/714
f 782/851/717 886/749/716 894/752/726 787/866/727
f 1089/560/515 894/870/728 886/856/616 1077/542/512
f 1078/750/510 887/749/617 895/752/619 1090/753/513
f 1091/563/515 895/871/618 887/857/616 1079/545/512
f 1080/750/510 888/749/617 896/752/619 1092/753/513
f 1093/566/573 788/872/729 783/858/718 1081/548/569
f 788/867/729 896/756/730 888/868/719 783/869/718
f 1082/750/510 889/749/617 897/752/619 1094/753/513
f 1095/569/515 897/873/618 889/861/616 1083/551/512
f 784/851/720 890/749/712 898/752/722 789/866/731
f 789/866/731 1096/753/574 1084/750/570 784/851/720
f 1097/572/515 898/874/728 890/862/616 1085/554/512
f 1086/750/510 891/749/617 899/752/619 1098/753/513
f 1100/575/577 790/875/729 785/863/721 1088/557/569
f 790/867/729 900/756/730 892/868/719 785/869/721
f 786/866/723 893/752/722 901/758/732 791/876/733
f 1196/877/734 901/755/735 893/756/725 1194/867/724
f 787/866/727 894/752/726 902/758/736 792/876/737
f 1101/754/518 902/755/620 894/756/728 1089/757/515
f 1090/753/513 895/752/619 903/758/621 1102/759/516
f 1103/754/518 903/755/620 895/756/618 1091/757/515
f 1092/753/513 896/752/619 904/758/621 1104/759/516
f 1105/754/578 793/877/738 788/867/729 1093/757/573
f 793/877/738 904/755/739 896/756/730 788/867/729
f 1094/753/513 897/752/619 905/758/621 1106/759/516
f 1107/754/518 905/755/620 897/756/618 1095/757/515
f 789/866/731 898/752/722 906/758/732 794/876/740
f 794/876/740 1108/759/579 1096/753/574 789/866/731
f 1109/754/518 906/755/620 898/756/728 1097/757/515
f 1098/753/513 899/752/619 907/758/621 1110/759/516
f 1112/754/578 795/877/738 790/867/729 1100/757/577
f 795/877/738 908/755/739 900/756/730 790/867/729
f 791/876/733 901/758/732 909/762/741 796/878/742
f 1198/879/743 909/761/744 901/755/735 1196/877/734
f 792/876/737 902/758/736 910/762/745 797/878/746
f 1113/760/521 910/761/622 902/755/620 1101/754/518
f 1102/759/516 903/758/621 911/762/623 1114/763/519
f 1115/760/521 911/761/622 903/755/620 1103/754/518
f 1104/759/516 904/758/621 912/762/623 1116/763/519
f 1117/760/582 798/879/747 793/877/738 1105/754/578
f 798/879/747 912/761/748 904/755/739 793/877/738
f 1106/759/516 905/758/621 913/762/623 1118/763/519
f 1119/760/521 913/761/622 905/755/620 1107/754/518
f 794/876/740 906/758/732 914/762/741 799/878/749
f 799/878/749 1120/763/583 1108/759/579 794/876/740
f 1121/760/521 914/761/622 906/755/620 1109/754/518
f 1110/759/516 907/758/621 915/762/623 1122/763/519
f 1124/760/582 800/879/747 795/877/738 1112/754/578
f 800/879/747 916/761/748 908/755/739 795/877/738
f 796/878/742 909/762/741 917/766/750 801/880/751
f 1200/881/752 917/765/753 909/761/744 1198/879/743
f 797/878/746 910/762/745 918/766/754 802/880/755
f 1125/764/524 918/765/624 910/761/622 1113/760/521
f 1114/763/519 911/762/623 919/766/625 1126/767/522
f 1127/764/524 919/765/624 911/761/622 1115/760/521
f 1116/763/519 912/762/623 920/766/625 1128/767/522
f 1129/644/586 803/882/756 798/883/747 1117/622/582
f 803/881/756 920/765/757 912/761/748 798/879/747
f 1118/763/519 913/762/623 921/766/625 1130/767/522
f 1131/764/524 921/765/624 913/761/622 1119/760/521
f 799/878/749 914/762/741 922/766/750 804/880/758
f 804/884/758 1132/645/587 1120/624/583 799/885/749
f 1133/764/524 922/765/624 914/761/622 1121/760/521
f 1122/763/519 915/762/623 923/766/625 1134/767/522
f 1136/653/586 805/886/756 800/887/747 1124/634/582
f 805/881/756 924/765/757 916/761/748 800/879/747
f 801/880/751 917/766/750 925/888/759 806/889/760
f 1202/890/761 925/891/762 917/765/753 1200/881/752
f 802/880/755 918/766/754 926/888/763 807/889/764
f 1137/768/527 926/891/626 918/765/624 1125/764/524
f 1126/767/522 919/766/625 927/888/627 1138/771/525
f 1139/768/527 927/891/626 919/765/624 1127/764/524
f 1128/767/522 920/766/625 928/888/627 1140/771/525
f 1141/768/590 808/890/765 803/881/756 1129/764/586
f 808/890/765 928/891/766 920/765/757 803/881/756
f 1130/767/522 921/766/625 929/770/627 1142/771/525
f 1143/768/527 929/769/626 921/765/624 1131/764/524
f 804/880/758 922/766/750 930/770/759 809/889/767
f 809/889/767 1144/771/591 1132/767/587 804/880/758
f 1145/768/527 930/769/626 922/765/624 1133/764/524
f 1134/767/522 923/766/625 931/770/627 1146/771/525
f 1148/768/590 810/890/765 805/881/756 1136/764/586
f 810/890/765 932/769/766 924/765/757 805/881/756
f 806/889/760 925/888/759 933/774/768 811/892/769
f 1204/893/770 933/773/771 925/891/762 1202/890/761
f 807/889/764 926/888/763 934/774/772 812/892/773
f 1149/772/530 934/773/628 926/891/626 1137/768/527
f 1138/771/525 927/888/627 935/774/629 1150/775/528
f 1151/772/530 935/773/628 927/891/626 1139/768/527
f 1140/771/525 928/888/627 936/774/629 1152/775/528
f 1153/772/594 813/894/774 808/890/765 1141/768/590
f 813/894/774 936/773/775 928/891/766 808/890/765
f 1142/771/525 929/770/627 937/774/629 1154/775/528
f 1155/772/530 937/773/628 929/769/626 1143/768/527
f 809/889/767 930/770/759 938/774/768 814/895/776
f 814/895/776 1156/775/595 1144/771/591 809/889/767
f 1157/772/530 938/773/628 930/769/626 1145/768/527
f 1146/771/525 931/770/627 939/774/629 1158/775/528
f 1160/772/594 815/894/774 810/890/765 1148/768/590
f 815/894/774 940/773/775 932/769/766 810/890/765
f 811/892/769 933/774/768 941/896/631 816/897/630
f 817/786/641 941/717/640 933/773/771 1204/893/770
f 812/892/773 934/774/772 942/896/643 1178/897/642
f 1161/718/489 942/717/600 934/773/628 1149/772/530
f 1150/672/528 935/898/629 943/792/601 1162/339/491
f 1163/718/489 943/717/600 935/773/628 1151/772/530
f 1152/678/528 936/899/629 944/795/601 1164/348/491
f 1165/718/533 818/786/653 813/894/774 1153/772/594
f 818/786/653 944/717/652 936/773/775 813/894/774
f 1154/684/528 937/900/629 945/799/601 1166/357/491
f 1167/718/489 945/717/600 937/773/628 1155/772/530
f 814/895/776 938/774/768 946/896/631 819/901/654
f 819/802/654 1168/366/536 1156/690/595 814/902/776
f 1169/718/489 946/717/600 938/773/628 1157/772/530
f 1158/696/528 939/903/629 947/807/601 1170/375/491
f 1172/718/533 820/810/653 815/894/774 1160/772/594
f 820/810/653 948/717/652 940/773/775 815/894/774
f 1176/790/645 747/904/647 1173/905/777 1175/906/778
f 1174/907/636 742/908/639 1175/906/778 1173/905/777
f 742/908/639 817/909/641 1177/910/779 1175/906/778
f 1178/787/642 1176/790/645 1175/906/778 1177/910/779
f 747/904/647 752/911/662 1179/912/780 1173/905/777
f 1180/913/659 1174/914/636 1173/915/777 1179/916/780
f 752/917/662 757/918/671 1181/919/781 1179/916/780
f 1182/920/668 1180/913/659 1179/916/780 1181/919/781
f 757/918/671 762/921/680 1183/922/782 1181/919/781
f 1184/923/677 1182/920/668 1181/919/781 1183/922/782
f 762/921/680 767/924/689 1185/925/783 1183/922/782
f 1186/926/686 1184/923/677 1183/922/782 1185/925/783
f 767/924/689 772/927/698 1187/928/784 1185/925/783
f 1188/929/695 1186/930/686 1185/931/783 1187/932/784
f 772/933/698 777/934/707 1189/935/785 1187/932/784
f 1190/855/704 1188/936/695 1187/932/784 1189/935/785
f 777/934/707 782/937/717 1191/938/786 1189/935/785
f 1192/852/714 1190/855/704 1189/935/785 1191/938/786
f 782/937/717 787/939/727 1193/940/787 1191/938/786
f 1194/941/724 1192/852/714 1191/938/786 1193/940/787
f 787/942/727 792/943/737 1195/944/788 1193/945/787
f 1196/946/734 1194/941/724 1193/940/787 1195/947/788
f 792/943/737 797/948/746 1197/949/789 1195/944/788
f 1198/950/743 1196/951/734 1195/944/788 1197/949/789
f 797/948/746 802/952/755 1199/953/790 1197/949/789
f 1200/954/752 1198/950/743 1197/949/789 1199/953/790
f 802/952/755 807/955/764 1201/956/791 1199/953/790
f 1202/957/761 1200/954/752 1199/953/790 1201/956/791
f 807/958/764 812/959/773 1203/960/792 1201/961/791
f 1204/962/770 1202/957/761 1201/956/791 1203/963/792
f 812/959/773 1178/787/642 1177/910/779 1203/960/792
f 817/909/641 1204/964/770 1203/960/792 1177/910/779
f 816/777/630 741/780/633 1205/780/540 1220/777/793
f 741/781/633 746/783/635 1206/783/541 1205/781/540
f 746/783/635 751/812/658 1207/812/545 1206/783/541
f 751/812/658 756/815/667 1208/815/550 1207/812/545
f 756/815/667 761/818/676 1209/818/554 1208/815/550
f 761/818/676 766/829/685 1210/829/558 1209/818/554
f 766/829/685 771/832/694 1211/832/562 1210/829/558
f 771/832/694 776/835/703 1212/835/567 1211/832/562
f 776/835/703 781/851/713 1213/851/571 1212/835/567
f 781/851/713 786/866/723 1214/866/575 1213/851/571
f 786/866/723 791/876/733 1215/876/580 1214/866/575
f 791/876/733 796/878/742 1216/878/584 1215/876/580
f 796/878/742 801/880/751 1217/880/588 1216/878/584
f 801/880/751 806/889/760 1218/889/592 1217/880/588
f 806/889/760 811/892/769 1219/892/596 1218/889/592
f 811/892/769 816/897/630 1220/897/793 1219/892/596
f 1220/777/139 1205/780/139 1221/965/139
f 1205/781/139 1206/783/139 1221/966/139
f 1206/783/139 1207/812/139 1221/966/139
f 1207/812/139 1208/815/139 1221/966/139
f 1208/815/139 1209/818/139 1221/966/139
f 1209/818/139 1210/829/139 1221/966/139
f 1210/829/139 1211/832/139 1221/966/139
f 1211/832/139 1212/835/139 1221/966/139
f 1212/835/139 1213/851/139 1221/966/139
f 1213/851/139 1214/866/139 1221/966/139
f 1214/866/139 1215/876/139 1221/966/139
f 1215/876/139 1216/878/139 1221/966/139
f 1216/878/139 1217/880/139 1221/966/139
f 1217/880/139 1218/889/139 1221/966/139
f 1218/889/139 1219/892/139 1221/966/139
f 1219/892/139 1220/897/139 1221/966/139
f 991/381/540 1171/380/539 1237/380/539 1222/381/540
f 1003/382/541 991/381/540 1222/381/540 1223/382/541
f 1015/415/545 1003/418/541 1223/418/541 1224/415/545
f 1027/441/550 1015/415/545 1224/415/545 1225/441/550
f 1039/459/554 1027/441/550 1225/441/550 1226/459/554
f 1051/477/558 1039/459/554 1226/459/554 1227/477/558
f 1063/510/562 1051/477/558 1227/477/558 1228/510/562
f 1075/536/567 1063/538/562 1228/538/562 1229/536/567
f 1087/555/571 1075/536/567 1229/536/567 1230/555/571
f 1099/573/575 1087/555/571 1230/555/571 1231/573/575
f 1111/606/580 1099/609/575 1231/609/575 1232/606/580
f 1123/632/584 1111/606/580 1232/606/580 1233/632/584
f 1135/651/588 1123/632/584 1233/632/584 1234/651/588
f 1147/669/592 1135/651/588 1234/651/588 1235/669/592
f 1159/702/596 1147/669/592 1235/669/592 1236/702/596
f 1171/380/539 1159/711/596 1236/711/596 1237/380/539
f 1222/381/794 1237/380/795 1253/380/796 1238/381/797
f 1223/382/798 1222/381/794 1238/381/797 1239/382/799
f 1224/415/800 1223/418/798 1239/418/799 1240/415/801
f 1225/441/802 1224/415/800 1240/415/801 1241/441/803
f 1226/459/804 1225/441/802 1241/441/803 1242/459/805
f 1227/477/806 1226/459/804 1242/459/805 1243/477/807
f 1228/510/808 1227/477/806 1243/477/807 1244/510/809
f 1229/536/810 1228/538/808 1244/538/809 1245/536/811
f 1230/555/812 1229/536/810 1245/536/811 1246/555/813
f 1231/573/814 1230/555/812 1246/555/813 1247/573/815
f 1232/606/816 1231/609/814 1247/609/815 1248/606/817
f 1233/632/818 1232/606/816 1248/606/817 1249/632/819
f 1234/651/820 1233/632/818 1249/632/819 1250/651/821
f 1235/669/822 1234/651/820 1250/651/821 1251/669/823
f 1236/702/824 1235/669/822 1251/669/823 1252/702/825
f 1237/380/795 1236/711/824 1252/711/825 1253/380/796
f 1238/381/338 1253/380/338 1254/967/338
f 1239/382/338 1238/381/338 1254/967/338
f 1240/415/338 1239/418/338 1254/968/338
f 1241/441/338 1240/415/338 1254/968/338
f 1242/459/338 1241/441/338 1254/968/338
f 1243/477/338 1242/459/338 1254/968/338
f 1244/510/338 1243/477/338 1254/968/338
f 1245/536/338 1244/538/338 1254/969/338
f 1246/555/338 1245/536/338 1254/969/338
f 1247/573/338 1246/555/338 1254/969/338
f 1248/606/338 1247/609/338 1254/970/338
f 1249/632/338 1248/606/338 1254/970/338
f 1250/651/338 1249/632/338 1254/970/338
f 1251/669/338 1250/651/338 1254/970/338
f 1252/702/338 1251/669/338 1254/970/338
f 1253/380/338 1252/711/338 1254/967/338
